Kỳ,Thứ,Ngày,Giờ,Bộ Số,ĐB,Hiển thị,Loại,Link cập nhật,Ngày cập nhật
591,Thứ 2,20/04/2026,13:00,"7,10,14,16,34",1,07 10 14 16 34 | ĐB 01,Loto_5/35,https://www.minhchinh.com/xs-lotto-535-ket-qua-lotto-535-ngay-20-04-2026.html,20/04/2026
590,Chủ Nhật,19/04/2026,21:00,"3,4,5,8,20",9,03 04 05 08 20 | ĐB 09,Loto_5/35,https://www.minhchinh.com/xs-lotto-535-ket-qua-lotto-535-ngay-19-04-2026.html,19/04/2026
589,Chủ Nhật,19/04/2026,13:00,"4,10,16,17,21",8,04 10 16 17 21 | ĐB 08,Loto_5/35,https://www.minhchinh.com/xs-lotto-535-ket-qua-lotto-535-ngay-19-04-2026.html,19/04/2026
588,Thứ 7,18/04/2026,21:00,"3,17,20,24,35",11,03 17 20 24 35 | ĐB 11,Loto_5/35,https://www.minhchinh.com/xs-lotto-535-ket-qua-lotto-535-ngay-18-04-2026.html,18/04/2026
587,Thứ 7,18/04/2026,13:00,"17,19,30,32,34",2,17 19 30 32 34 | ĐB 02,Loto_5/35,https://www.minhchinh.com/xs-lotto-535-ket-qua-lotto-535-ngay-18-04-2026.html,18/04/2026
586,Thứ 6,17/04/2026,21:00,"3,4,9,12,18",10,03 04 09 12 18 | ĐB 10,Loto_5/35,https://www.minhchinh.com/xs-lotto-535-ket-qua-lotto-535-ngay-17-04-2026.html,17/04/2026
585,Thứ 6,17/04/2026,13:00,"6,10,15,19,22",5,06 10 15 19 22 | ĐB 05,Loto_5/35,https://www.minhchinh.com/xs-lotto-535-ket-qua-lotto-535-ngay-17-04-2026.html,17/04/2026
584,Thứ 5,16/04/2026,21:00,"1,10,15,25,27",11,01 10 15 25 27 | ĐB 11,Loto_5/35,https://www.minhchinh.com/xs-lotto-535-ket-qua-lotto-535-ngay-16-04-2026.html,16/04/2026
583,Thứ 5,16/04/2026,13:00,"12,14,25,30,31",6,12 14 25 30 31 | ĐB 06,Loto_5/35,https://www.minhchinh.com/xs-lotto-535-ket-qua-lotto-535-ngay-16-04-2026.html,16/04/2026
582,Thứ 4,15/04/2026,21:00,"4,13,18,20,26",11,04 13 18 20 26 | ĐB 11,Loto_5/35,https://www.minhchinh.com/xs-lotto-535-ket-qua-lotto-535-ngay-15-04-2026.html,15/04/2026
581,Thứ 4,15/04/2026,13:00,"1,15,20,32,35",8,01 15 20 32 35 | ĐB 08,Loto_5/35,https://www.minhchinh.com/xs-lotto-535-ket-qua-lotto-535-ngay-15-04-2026.html,15/04/2026
580,Thứ 3,14/04/2026,21:00,"5,19,25,29,31",2,05 19 25 29 31 | ĐB 02,Loto_5/35,https://www.minhchinh.com/xs-lotto-535-ket-qua-lotto-535-ngay-14-04-2026.html,14/04/2026
579,Thứ 3,14/04/2026,13:00,"7,11,12,14,27",11,07 11 12 14 27 | ĐB 11,Loto_5/35,https://www.minhchinh.com/xs-lotto-535-ket-qua-lotto-535-ngay-14-04-2026.html,14/04/2026
578,Thứ 2,13/04/2026,21:00,"10,11,12,18,34",3,10 11 12 18 34 | ĐB 03,Loto_5/35,https://www.minhchinh.com/xs-lotto-535-ket-qua-lotto-535-ngay-13-04-2026.html,13/04/2026
577,Thứ 2,13/04/2026,13:00,"12,15,23,26,32",8,12 15 23 26 32 | ĐB 08,Loto_5/35,https://www.minhchinh.com/xs-lotto-535-ket-qua-lotto-535-ngay-13-04-2026.html,13/04/2026
576,Chủ Nhật,12/04/2026,21:00,"11,21,22,27,34",12,11 21 22 27 34 | ĐB 12,Loto_5/35,https://www.minhchinh.com/xs-lotto-535-ket-qua-lotto-535-ngay-12-04-2026.html,12/04/2026
575,Chủ Nhật,12/04/2026,13:00,"18,23,32,33,34",2,18 23 32 33 34 | ĐB 02,Loto_5/35,https://www.minhchinh.com/xs-lotto-535-ket-qua-lotto-535-ngay-12-04-2026.html,12/04/2026
574,Thứ 7,11/04/2026,21:00,"3,6,8,20,35",6,03 06 08 20 35 | ĐB 06,Loto_5/35,https://www.minhchinh.com/xs-lotto-535-ket-qua-lotto-535-ngay-11-04-2026.html,11/04/2026
573,Thứ 7,11/04/2026,13:00,"7,13,15,19,32",9,07 13 15 19 32 | ĐB 09,Loto_5/35,https://www.minhchinh.com/xs-lotto-535-ket-qua-lotto-535-ngay-11-04-2026.html,11/04/2026
572,Thứ 6,10/04/2026,21:00,"7,15,19,23,24",6,07 15 19 23 24 | ĐB 06,Loto_5/35,https://www.minhchinh.com/xs-lotto-535-ket-qua-lotto-535-ngay-10-04-2026.html,10/04/2026
571,Thứ 6,10/04/2026,13:00,"8,17,21,31,35",5,08 17 21 31 35 | ĐB 05,Loto_5/35,https://www.minhchinh.com/xs-lotto-535-ket-qua-lotto-535-ngay-10-04-2026.html,10/04/2026
570,Thứ 5,09/04/2026,21:00,"8,10,11,22,30",2,08 10 11 22 30 | ĐB 02,Loto_5/35,https://www.minhchinh.com/xs-lotto-535-ket-qua-lotto-535-ngay-09-04-2026.html,09/04/2026
569,Thứ 5,09/04/2026,13:00,"1,7,18,33,34",1,01 07 18 33 34 | ĐB 01,Loto_5/35,https://www.minhchinh.com/xs-lotto-535-ket-qua-lotto-535-ngay-09-04-2026.html,09/04/2026
568,Thứ 4,08/04/2026,21:00,"19,20,21,26,31",5,19 20 21 26 31 | ĐB 05,Loto_5/35,https://www.minhchinh.com/xs-lotto-535-ket-qua-lotto-535-ngay-08-04-2026.html,08/04/2026
567,Thứ 4,08/04/2026,13:00,"10,16,19,22,32",12,10 16 19 22 32 | ĐB 12,Loto_5/35,https://www.minhchinh.com/xs-lotto-535-ket-qua-lotto-535-ngay-08-04-2026.html,08/04/2026
566,Thứ 3,07/04/2026,21:00,"1,8,12,20,28",2,01 08 12 20 28 | ĐB 02,Loto_5/35,https://www.minhchinh.com/xs-lotto-535-ket-qua-lotto-535-ngay-07-04-2026.html,07/04/2026
565,Thứ 3,07/04/2026,13:00,"9,18,21,26,34",4,09 18 21 26 34 | ĐB 04,Loto_5/35,https://www.minhchinh.com/xs-lotto-535-ket-qua-lotto-535-ngay-07-04-2026.html,07/04/2026
564,Thứ 2,06/04/2026,21:00,"11,17,22,25,28",4,11 17 22 25 28 | ĐB 04,Loto_5/35,https://www.minhchinh.com/xs-lotto-535-ket-qua-lotto-535-ngay-06-04-2026.html,06/04/2026
563,Thứ 2,06/04/2026,13:00,"3,13,16,33,34",4,03 13 16 33 34 | ĐB 04,Loto_5/35,https://www.minhchinh.com/xs-lotto-535-ket-qua-lotto-535-ngay-06-04-2026.html,06/04/2026
562,Chủ Nhật,05/04/2026,21:00,"13,14,25,26,29",1,13 14 25 26 29 | ĐB 01,Loto_5/35,https://www.minhchinh.com/xs-lotto-535-ket-qua-lotto-535-ngay-05-04-2026.html,05/04/2026
561,Chủ Nhật,05/04/2026,13:00,"6,10,11,18,25",7,06 10 11 18 25 | ĐB 07,Loto_5/35,https://www.minhchinh.com/xs-lotto-535-ket-qua-lotto-535-ngay-05-04-2026.html,05/04/2026
560,Thứ 7,04/04/2026,21:00,"3,18,19,24,27",6,03 18 19 24 27 | ĐB 06,Loto_5/35,https://www.minhchinh.com/xs-lotto-535-ket-qua-lotto-535-ngay-04-04-2026.html,04/04/2026
559,Thứ 7,04/04/2026,13:00,"3,9,15,19,31",1,03 09 15 19 31 | ĐB 01,Loto_5/35,https://www.minhchinh.com/xs-lotto-535-ket-qua-lotto-535-ngay-04-04-2026.html,04/04/2026
558,Thứ 6,03/04/2026,21:00,"18,22,28,32,35",3,18 22 28 32 35 | ĐB 03,Loto_5/35,https://www.minhchinh.com/xs-lotto-535-ket-qua-lotto-535-ngay-03-04-2026.html,03/04/2026
557,Thứ 6,03/04/2026,13:00,"14,18,23,25,27",1,14 18 23 25 27 | ĐB 01,Loto_5/35,https://www.minhchinh.com/xs-lotto-535-ket-qua-lotto-535-ngay-03-04-2026.html,03/04/2026
556,Thứ 5,02/04/2026,21:00,"15,19,20,26,29",7,15 19 20 26 29 | ĐB 07,Loto_5/35,https://www.minhchinh.com/xs-lotto-535-ket-qua-lotto-535-ngay-02-04-2026.html,02/04/2026
555,Thứ 5,02/04/2026,13:00,"4,6,21,25,30",5,04 06 21 25 30 | ĐB 05,Loto_5/35,https://www.minhchinh.com/xs-lotto-535-ket-qua-lotto-535-ngay-02-04-2026.html,02/04/2026
554,Thứ 4,01/04/2026,21:00,"12,13,18,23,24",3,12 13 18 23 24 | ĐB 03,Loto_5/35,https://www.minhchinh.com/xs-lotto-535-ket-qua-lotto-535-ngay-01-04-2026.html,01/04/2026
553,Thứ 4,01/04/2026,13:00,"4,14,22,31,34",7,04 14 22 31 34 | ĐB 07,Loto_5/35,https://www.minhchinh.com/xs-lotto-535-ket-qua-lotto-535-ngay-01-04-2026.html,01/04/2026
552,Thứ 3,31/03/2026,21:00,"2,18,28,30,35",5,02 18 28 30 35 | ĐB 05,Loto_5/35,https://www.minhchinh.com/xs-lotto-535-ket-qua-lotto-535-ngay-31-03-2026.html,31/03/2026
551,Thứ 3,31/03/2026,13:00,"9,15,18,20,32",2,09 15 18 20 32 | ĐB 02,Loto_5/35,https://www.minhchinh.com/xs-lotto-535-ket-qua-lotto-535-ngay-31-03-2026.html,31/03/2026
550,Thứ 2,30/03/2026,21:00,"9,17,18,24,27",8,09 17 18 24 27 | ĐB 08,Loto_5/35,https://www.minhchinh.com/xs-lotto-535-ket-qua-lotto-535-ngay-30-03-2026.html,30/03/2026
549,Thứ 2,30/03/2026,13:00,"2,3,22,24,34",8,02 03 22 24 34 | ĐB 08,Loto_5/35,https://www.minhchinh.com/xs-lotto-535-ket-qua-lotto-535-ngay-30-03-2026.html,30/03/2026
548,Chủ Nhật,29/03/2026,21:00,"9,17,22,23,29",12,09 17 22 23 29 | ĐB 12,Loto_5/35,https://www.minhchinh.com/xs-lotto-535-ket-qua-lotto-535-ngay-29-03-2026.html,29/03/2026
547,Chủ Nhật,29/03/2026,13:00,"3,7,13,19,21",11,03 07 13 19 21 | ĐB 11,Loto_5/35,https://www.minhchinh.com/xs-lotto-535-ket-qua-lotto-535-ngay-29-03-2026.html,29/03/2026
546,Thứ 7,28/03/2026,21:00,"1,8,14,16,28",10,01 08 14 16 28 | ĐB 10,Loto_5/35,https://www.minhchinh.com/xs-lotto-535-ket-qua-lotto-535-ngay-28-03-2026.html,28/03/2026
545,Thứ 7,28/03/2026,13:00,"6,7,10,12,26",3,06 07 10 12 26 | ĐB 03,Loto_5/35,https://www.minhchinh.com/xs-lotto-535-ket-qua-lotto-535-ngay-28-03-2026.html,28/03/2026
544,Thứ 6,27/03/2026,21:00,"1,11,30,31,32",3,01 11 30 31 32 | ĐB 03,Loto_5/35,https://www.minhchinh.com/xs-lotto-535-ket-qua-lotto-535-ngay-27-03-2026.html,27/03/2026
543,Thứ 6,27/03/2026,13:00,"13,21,25,27,34",10,13 21 25 27 34 | ĐB 10,Loto_5/35,https://www.minhchinh.com/xs-lotto-535-ket-qua-lotto-535-ngay-27-03-2026.html,27/03/2026
542,Thứ 5,26/03/2026,21:00,"15,16,26,29,30",11,15 16 26 29 30 | ĐB 11,Loto_5/35,https://www.minhchinh.com/xs-lotto-535-ket-qua-lotto-535-ngay-26-03-2026.html,26/03/2026
541,Thứ 5,26/03/2026,13:00,"15,23,28,30,33",8,15 23 28 30 33 | ĐB 08,Loto_5/35,https://www.minhchinh.com/xs-lotto-535-ket-qua-lotto-535-ngay-26-03-2026.html,26/03/2026
540,Thứ 4,25/03/2026,21:00,"1,4,8,14,26",12,01 04 08 14 26 | ĐB 12,Loto_5/35,https://www.minhchinh.com/xs-lotto-535-ket-qua-lotto-535-ngay-25-03-2026.html,25/03/2026
539,Thứ 4,25/03/2026,13:00,"13,19,26,29,32",7,13 19 26 29 32 | ĐB 07,Loto_5/35,https://www.minhchinh.com/xs-lotto-535-ket-qua-lotto-535-ngay-25-03-2026.html,25/03/2026
538,Thứ 3,24/03/2026,21:00,"8,19,23,27,32",1,08 19 23 27 32 | ĐB 01,Loto_5/35,https://www.minhchinh.com/xs-lotto-535-ket-qua-lotto-535-ngay-24-03-2026.html,24/03/2026
537,Thứ 3,24/03/2026,13:00,"5,18,19,26,30",9,05 18 19 26 30 | ĐB 09,Loto_5/35,https://www.minhchinh.com/xs-lotto-535-ket-qua-lotto-535-ngay-24-03-2026.html,24/03/2026
536,Thứ 2,23/03/2026,21:00,"2,14,17,21,27",10,02 14 17 21 27 | ĐB 10,Loto_5/35,https://www.minhchinh.com/xs-lotto-535-ket-qua-lotto-535-ngay-23-03-2026.html,23/03/2026
535,Thứ 2,23/03/2026,13:00,"3,4,6,14,27",2,03 04 06 14 27 | ĐB 02,Loto_5/35,https://www.minhchinh.com/xs-lotto-535-ket-qua-lotto-535-ngay-23-03-2026.html,23/03/2026
534,Chủ Nhật,22/03/2026,21:00,"4,13,14,19,33",9,04 13 14 19 33 | ĐB 09,Loto_5/35,https://www.minhchinh.com/xs-lotto-535-ket-qua-lotto-535-ngay-22-03-2026.html,22/03/2026
533,Chủ Nhật,22/03/2026,13:00,"5,8,11,12,26",6,05 08 11 12 26 | ĐB 06,Loto_5/35,https://www.minhchinh.com/xs-lotto-535-ket-qua-lotto-535-ngay-22-03-2026.html,22/03/2026
532,Thứ 7,21/03/2026,21:00,"7,15,19,27,32",10,07 15 19 27 32 | ĐB 10,Loto_5/35,https://www.minhchinh.com/xs-lotto-535-ket-qua-lotto-535-ngay-21-03-2026.html,21/03/2026
531,Thứ 7,21/03/2026,13:00,"3,6,11,13,17",3,03 06 11 13 17 | ĐB 03,Loto_5/35,https://www.minhchinh.com/xs-lotto-535-ket-qua-lotto-535-ngay-21-03-2026.html,21/03/2026
530,Thứ 6,20/03/2026,21:00,"5,14,17,18,20",6,05 14 17 18 20 | ĐB 06,Loto_5/35,https://www.minhchinh.com/xs-lotto-535-ket-qua-lotto-535-ngay-20-03-2026.html,20/03/2026
529,Thứ 6,20/03/2026,13:00,"3,14,25,28,32",2,03 14 25 28 32 | ĐB 02,Loto_5/35,https://www.minhchinh.com/xs-lotto-535-ket-qua-lotto-535-ngay-20-03-2026.html,20/03/2026
528,Thứ 5,19/03/2026,21:00,"3,15,26,34,35",3,03 15 26 34 35 | ĐB 03,Loto_5/35,https://www.minhchinh.com/xs-lotto-535-ket-qua-lotto-535-ngay-19-03-2026.html,19/03/2026
527,Thứ 5,19/03/2026,13:00,"3,7,14,21,22",8,03 07 14 21 22 | ĐB 08,Loto_5/35,https://www.minhchinh.com/xs-lotto-535-ket-qua-lotto-535-ngay-19-03-2026.html,19/03/2026
526,Thứ 4,18/03/2026,21:00,"9,13,14,22,29",11,09 13 14 22 29 | ĐB 11,Loto_5/35,https://www.minhchinh.com/xs-lotto-535-ket-qua-lotto-535-ngay-18-03-2026.html,18/03/2026
525,Thứ 4,18/03/2026,13:00,"1,5,11,29,34",6,01 05 11 29 34 | ĐB 06,Loto_5/35,https://www.minhchinh.com/xs-lotto-535-ket-qua-lotto-535-ngay-18-03-2026.html,18/03/2026
524,Thứ 3,17/03/2026,21:00,"12,16,18,26,29",6,12 16 18 26 29 | ĐB 06,Loto_5/35,https://www.minhchinh.com/xs-lotto-535-ket-qua-lotto-535-ngay-17-03-2026.html,17/03/2026
523,Thứ 3,17/03/2026,13:00,"3,9,21,33,35",2,03 09 21 33 35 | ĐB 02,Loto_5/35,https://www.minhchinh.com/xs-lotto-535-ket-qua-lotto-535-ngay-17-03-2026.html,17/03/2026
522,Thứ 2,16/03/2026,21:00,"2,8,10,22,23",8,02 08 10 22 23 | ĐB 08,Loto_5/35,https://www.minhchinh.com/xs-lotto-535-ket-qua-lotto-535-ngay-16-03-2026.html,16/03/2026
521,Thứ 2,16/03/2026,13:00,"4,13,21,28,32",11,04 13 21 28 32 | ĐB 11,Loto_5/35,https://www.minhchinh.com/xs-lotto-535-ket-qua-lotto-535-ngay-16-03-2026.html,16/03/2026
520,Chủ Nhật,15/03/2026,21:00,"3,6,28,30,35",3,03 06 28 30 35 | ĐB 03,Loto_5/35,https://www.minhchinh.com/xs-lotto-535-ket-qua-lotto-535-ngay-15-03-2026.html,15/03/2026
519,Chủ Nhật,15/03/2026,13:00,"2,9,31,32,35",2,02 09 31 32 35 | ĐB 02,Loto_5/35,https://www.minhchinh.com/xs-lotto-535-ket-qua-lotto-535-ngay-15-03-2026.html,15/03/2026
518,Thứ 7,14/03/2026,21:00,"6,13,19,27,31",8,06 13 19 27 31 | ĐB 08,Loto_5/35,https://www.minhchinh.com/xs-lotto-535-ket-qua-lotto-535-ngay-14-03-2026.html,14/03/2026
517,Thứ 7,14/03/2026,13:00,"4,5,6,24,26",8,04 05 06 24 26 | ĐB 08,Loto_5/35,https://www.minhchinh.com/xs-lotto-535-ket-qua-lotto-535-ngay-14-03-2026.html,14/03/2026
516,Thứ 6,13/03/2026,21:00,"1,6,14,22,30",1,01 06 14 22 30 | ĐB 01,Loto_5/35,https://www.minhchinh.com/xs-lotto-535-ket-qua-lotto-535-ngay-13-03-2026.html,13/03/2026
515,Thứ 6,13/03/2026,13:00,"5,16,18,20,25",5,05 16 18 20 25 | ĐB 05,Loto_5/35,https://www.minhchinh.com/xs-lotto-535-ket-qua-lotto-535-ngay-13-03-2026.html,13/03/2026
514,Thứ 5,12/03/2026,21:00,"5,9,20,29,30",11,05 09 20 29 30 | ĐB 11,Loto_5/35,https://www.minhchinh.com/xs-lotto-535-ket-qua-lotto-535-ngay-12-03-2026.html,12/03/2026
513,Thứ 5,12/03/2026,13:00,"6,8,17,20,24",10,06 08 17 20 24 | ĐB 10,Loto_5/35,https://www.minhchinh.com/xs-lotto-535-ket-qua-lotto-535-ngay-12-03-2026.html,12/03/2026
512,Thứ 4,11/03/2026,21:00,"2,10,29,30,32",7,02 10 29 30 32 | ĐB 07,Loto_5/35,https://www.minhchinh.com/xs-lotto-535-ket-qua-lotto-535-ngay-11-03-2026.html,11/03/2026
511,Thứ 4,11/03/2026,13:00,"11,16,22,26,33",9,11 16 22 26 33 | ĐB 09,Loto_5/35,https://www.minhchinh.com/xs-lotto-535-ket-qua-lotto-535-ngay-11-03-2026.html,11/03/2026
510,Thứ 3,10/03/2026,21:00,"2,3,4,6,20",2,02 03 04 06 20 | ĐB 02,Loto_5/35,https://www.minhchinh.com/xs-lotto-535-ket-qua-lotto-535-ngay-10-03-2026.html,10/03/2026
509,Thứ 3,10/03/2026,13:00,"13,19,21,24,29",10,13 19 21 24 29 | ĐB 10,Loto_5/35,https://www.minhchinh.com/xs-lotto-535-ket-qua-lotto-535-ngay-10-03-2026.html,10/03/2026
508,Thứ 2,09/03/2026,21:00,"7,11,25,28,30",5,07 11 25 28 30 | ĐB 05,Loto_5/35,https://www.minhchinh.com/xs-lotto-535-ket-qua-lotto-535-ngay-09-03-2026.html,09/03/2026
507,Thứ 2,09/03/2026,13:00,"1,13,17,29,35",2,01 13 17 29 35 | ĐB 02,Loto_5/35,https://www.minhchinh.com/xs-lotto-535-ket-qua-lotto-535-ngay-09-03-2026.html,09/03/2026
506,Chủ Nhật,08/03/2026,21:00,"20,22,25,29,31",12,20 22 25 29 31 | ĐB 12,Loto_5/35,https://www.minhchinh.com/xs-lotto-535-ket-qua-lotto-535-ngay-08-03-2026.html,08/03/2026
505,Chủ Nhật,08/03/2026,13:00,"11,23,24,26,27",2,11 23 24 26 27 | ĐB 02,Loto_5/35,https://www.minhchinh.com/xs-lotto-535-ket-qua-lotto-535-ngay-08-03-2026.html,08/03/2026
504,Thứ 7,07/03/2026,21:00,"3,18,23,25,32",6,03 18 23 25 32 | ĐB 06,Loto_5/35,https://www.minhchinh.com/xs-lotto-535-ket-qua-lotto-535-ngay-07-03-2026.html,07/03/2026
503,Thứ 7,07/03/2026,13:00,"8,12,22,25,33",9,08 12 22 25 33 | ĐB 09,Loto_5/35,https://www.minhchinh.com/xs-lotto-535-ket-qua-lotto-535-ngay-07-03-2026.html,07/03/2026
502,Thứ 6,06/03/2026,21:00,"3,14,21,23,24",10,03 14 21 23 24 | ĐB 10,Loto_5/35,https://www.minhchinh.com/xs-lotto-535-ket-qua-lotto-535-ngay-06-03-2026.html,06/03/2026
501,Thứ 6,06/03/2026,13:00,"7,9,17,21,30",3,07 09 17 21 30 | ĐB 03,Loto_5/35,https://www.minhchinh.com/xs-lotto-535-ket-qua-lotto-535-ngay-06-03-2026.html,06/03/2026
500,Thứ 5,05/03/2026,21:00,"4,12,15,17,32",7,04 12 15 17 32 | ĐB 07,Loto_5/35,https://www.minhchinh.com/xs-lotto-535-ket-qua-lotto-535-ngay-05-03-2026.html,05/03/2026
499,Thứ 5,05/03/2026,13:00,"14,15,16,17,30",2,14 15 16 17 30 | ĐB 02,Loto_5/35,https://www.minhchinh.com/xs-lotto-535-ket-qua-lotto-535-ngay-05-03-2026.html,05/03/2026
498,Thứ 4,04/03/2026,21:00,"1,2,9,24,29",4,01 02 09 24 29 | ĐB 04,Loto_5/35,https://www.minhchinh.com/xs-lotto-535-ket-qua-lotto-535-ngay-04-03-2026.html,04/03/2026
497,Thứ 4,04/03/2026,13:00,"4,10,17,22,26",9,04 10 17 22 26 | ĐB 09,Loto_5/35,https://www.minhchinh.com/xs-lotto-535-ket-qua-lotto-535-ngay-04-03-2026.html,04/03/2026
496,Thứ 3,03/03/2026,21:00,"3,6,17,20,30",10,03 06 17 20 30 | ĐB 10,Loto_5/35,https://www.minhchinh.com/xs-lotto-535-ket-qua-lotto-535-ngay-03-03-2026.html,03/03/2026
495,Thứ 3,03/03/2026,13:00,"15,16,28,31,32",10,15 16 28 31 32 | ĐB 10,Loto_5/35,https://www.minhchinh.com/xs-lotto-535-ket-qua-lotto-535-ngay-03-03-2026.html,03/03/2026
494,Thứ 2,02/03/2026,21:00,"1,8,14,23,35",5,01 08 14 23 35 | ĐB 05,Loto_5/35,https://www.minhchinh.com/xs-lotto-535-ket-qua-lotto-535-ngay-02-03-2026.html,02/03/2026
493,Thứ 2,02/03/2026,13:00,"1,7,15,34,35",12,01 07 15 34 35 | ĐB 12,Loto_5/35,https://www.minhchinh.com/xs-lotto-535-ket-qua-lotto-535-ngay-02-03-2026.html,02/03/2026
492,Chủ Nhật,01/03/2026,21:00,"5,12,19,33,35",11,05 12 19 33 35 | ĐB 11,Loto_5/35,https://www.minhchinh.com/xs-lotto-535-ket-qua-lotto-535-ngay-01-03-2026.html,01/03/2026
491,Chủ Nhật,01/03/2026,13:00,"10,13,19,27,35",12,10 13 19 27 35 | ĐB 12,Loto_5/35,https://www.minhchinh.com/xs-lotto-535-ket-qua-lotto-535-ngay-01-03-2026.html,01/03/2026
490,Thứ 7,28/02/2026,21:00,"3,15,16,27,35",2,03 15 16 27 35 | ĐB 02,Loto_5/35,https://www.minhchinh.com/xs-lotto-535-ket-qua-lotto-535-ngay-28-02-2026.html,28/02/2026
489,Thứ 7,28/02/2026,13:00,"1,3,5,8,24",12,01 03 05 08 24 | ĐB 12,Loto_5/35,https://www.minhchinh.com/xs-lotto-535-ket-qua-lotto-535-ngay-28-02-2026.html,28/02/2026
488,Thứ 6,27/02/2026,21:00,"12,14,18,24,26",5,12 14 18 24 26 | ĐB 05,Loto_5/35,https://www.minhchinh.com/xs-lotto-535-ket-qua-lotto-535-ngay-27-02-2026.html,27/02/2026
487,Thứ 6,27/02/2026,13:00,"2,13,19,25,27",1,02 13 19 25 27 | ĐB 01,Loto_5/35,https://www.minhchinh.com/xs-lotto-535-ket-qua-lotto-535-ngay-27-02-2026.html,27/02/2026
486,Thứ 5,26/02/2026,21:00,"8,15,23,24,26",11,08 15 23 24 26 | ĐB 11,Loto_5/35,https://www.minhchinh.com/xs-lotto-535-ket-qua-lotto-535-ngay-26-02-2026.html,26/02/2026
485,Thứ 5,26/02/2026,13:00,"3,14,19,27,33",10,03 14 19 27 33 | ĐB 10,Loto_5/35,https://www.minhchinh.com/xs-lotto-535-ket-qua-lotto-535-ngay-26-02-2026.html,26/02/2026
484,Thứ 4,25/02/2026,21:00,"5,14,15,16,29",10,05 14 15 16 29 | ĐB 10,Loto_5/35,https://www.minhchinh.com/xs-lotto-535-ket-qua-lotto-535-ngay-25-02-2026.html,25/02/2026
483,Thứ 4,25/02/2026,13:00,"11,16,19,21,32",10,11 16 19 21 32 | ĐB 10,Loto_5/35,https://www.minhchinh.com/xs-lotto-535-ket-qua-lotto-535-ngay-25-02-2026.html,25/02/2026
482,Thứ 3,24/02/2026,21:00,"8,14,18,20,26",7,08 14 18 20 26 | ĐB 07,Loto_5/35,https://www.minhchinh.com/xs-lotto-535-ket-qua-lotto-535-ngay-24-02-2026.html,24/02/2026
481,Thứ 3,24/02/2026,13:00,"12,14,22,23,30",9,12 14 22 23 30 | ĐB 09,Loto_5/35,https://www.minhchinh.com/xs-lotto-535-ket-qua-lotto-535-ngay-24-02-2026.html,24/02/2026
480,Thứ 2,23/02/2026,21:00,"7,13,16,22,35",11,07 13 16 22 35 | ĐB 11,Loto_5/35,https://www.minhchinh.com/xs-lotto-535-ket-qua-lotto-535-ngay-23-02-2026.html,23/02/2026
479,Thứ 2,23/02/2026,13:00,"7,10,11,18,27",6,07 10 11 18 27 | ĐB 06,Loto_5/35,https://www.minhchinh.com/xs-lotto-535-ket-qua-lotto-535-ngay-23-02-2026.html,23/02/2026
478,Chủ Nhật,22/02/2026,21:00,"2,9,12,16,31",3,02 09 12 16 31 | ĐB 03,Loto_5/35,https://www.minhchinh.com/xs-lotto-535-ket-qua-lotto-535-ngay-22-02-2026.html,22/02/2026
477,Chủ Nhật,22/02/2026,13:00,"8,9,19,29,30",4,08 09 19 29 30 | ĐB 04,Loto_5/35,https://www.minhchinh.com/xs-lotto-535-ket-qua-lotto-535-ngay-22-02-2026.html,22/02/2026
476,Thứ 7,21/02/2026,21:00,"2,16,17,20,31",1,02 16 17 20 31 | ĐB 01,Loto_5/35,https://www.minhchinh.com/xs-lotto-535-ket-qua-lotto-535-ngay-21-02-2026.html,21/02/2026
475,Thứ 7,21/02/2026,13:00,"5,8,11,13,18",2,05 08 11 13 18 | ĐB 02,Loto_5/35,https://www.minhchinh.com/xs-lotto-535-ket-qua-lotto-535-ngay-21-02-2026.html,21/02/2026
474,Thứ 6,20/02/2026,21:00,"1,9,18,28,33",7,01 09 18 28 33 | ĐB 07,Loto_5/35,https://www.minhchinh.com/xs-lotto-535-ket-qua-lotto-535-ngay-20-02-2026.html,20/02/2026
473,Thứ 6,20/02/2026,13:00,"10,12,27,30,31",12,10 12 27 30 31 | ĐB 12,Loto_5/35,https://www.minhchinh.com/xs-lotto-535-ket-qua-lotto-535-ngay-20-02-2026.html,20/02/2026
472,Thứ 5,19/02/2026,21:00,"9,21,23,25,29",3,09 21 23 25 29 | ĐB 03,Loto_5/35,https://www.minhchinh.com/xs-lotto-535-ket-qua-lotto-535-ngay-19-02-2026.html,19/02/2026
471,Thứ 5,19/02/2026,13:00,"1,13,14,19,30",1,01 13 14 19 30 | ĐB 01,Loto_5/35,https://www.minhchinh.com/xs-lotto-535-ket-qua-lotto-535-ngay-19-02-2026.html,19/02/2026
470,Thứ 4,18/02/2026,21:00,"9,23,27,29,33",1,09 23 27 29 33 | ĐB 01,Loto_5/35,https://www.minhchinh.com/xs-lotto-535-ket-qua-lotto-535-ngay-18-02-2026.html,18/02/2026
469,Thứ 4,18/02/2026,13:00,"11,17,25,30,32",6,11 17 25 30 32 | ĐB 06,Loto_5/35,https://www.minhchinh.com/xs-lotto-535-ket-qua-lotto-535-ngay-18-02-2026.html,18/02/2026
468,Thứ 3,17/02/2026,21:00,"13,21,28,32,35",11,13 21 28 32 35 | ĐB 11,Loto_5/35,https://www.minhchinh.com/xs-lotto-535-ket-qua-lotto-535-ngay-17-02-2026.html,17/02/2026
467,Thứ 3,17/02/2026,13:00,"19,21,22,23,31",4,19 21 22 23 31 | ĐB 04,Loto_5/35,https://www.minhchinh.com/xs-lotto-535-ket-qua-lotto-535-ngay-17-02-2026.html,17/02/2026
466,Thứ 2,16/02/2026,21:00,"4,8,19,21,30",7,04 08 19 21 30 | ĐB 07,Loto_5/35,https://www.minhchinh.com/xs-lotto-535-ket-qua-lotto-535-ngay-16-02-2026.html,16/02/2026
465,Thứ 2,16/02/2026,13:00,"7,18,22,27,29",4,07 18 22 27 29 | ĐB 04,Loto_5/35,https://www.minhchinh.com/xs-lotto-535-ket-qua-lotto-535-ngay-16-02-2026.html,16/02/2026
464,Chủ Nhật,15/02/2026,21:00,"1,6,8,10,22",7,01 06 08 10 22 | ĐB 07,Loto_5/35,https://www.minhchinh.com/xs-lotto-535-ket-qua-lotto-535-ngay-15-02-2026.html,15/02/2026
463,Chủ Nhật,15/02/2026,13:00,"1,3,5,10,26",9,01 03 05 10 26 | ĐB 09,Loto_5/35,https://www.minhchinh.com/xs-lotto-535-ket-qua-lotto-535-ngay-15-02-2026.html,15/02/2026
462,Thứ 7,14/02/2026,21:00,"4,6,8,14,25",7,04 06 08 14 25 | ĐB 07,Loto_5/35,https://www.minhchinh.com/xs-lotto-535-ket-qua-lotto-535-ngay-14-02-2026.html,14/02/2026
461,Thứ 7,14/02/2026,13:00,"13,20,22,32,34",12,13 20 22 32 34 | ĐB 12,Loto_5/35,https://www.minhchinh.com/xs-lotto-535-ket-qua-lotto-535-ngay-14-02-2026.html,14/02/2026
460,Thứ 6,13/02/2026,21:00,"10,14,16,20,32",11,10 14 16 20 32 | ĐB 11,Loto_5/35,https://www.minhchinh.com/xs-lotto-535-ket-qua-lotto-535-ngay-13-02-2026.html,13/02/2026
459,Thứ 6,13/02/2026,13:00,"5,11,12,29,32",4,05 11 12 29 32 | ĐB 04,Loto_5/35,https://www.minhchinh.com/xs-lotto-535-ket-qua-lotto-535-ngay-13-02-2026.html,13/02/2026
458,Thứ 5,12/02/2026,21:00,"2,11,15,17,29",5,02 11 15 17 29 | ĐB 05,Loto_5/35,https://www.minhchinh.com/xs-lotto-535-ket-qua-lotto-535-ngay-12-02-2026.html,12/02/2026
457,Thứ 5,12/02/2026,13:00,"6,10,11,26,29",3,06 10 11 26 29 | ĐB 03,Loto_5/35,https://www.minhchinh.com/xs-lotto-535-ket-qua-lotto-535-ngay-12-02-2026.html,12/02/2026
456,Thứ 4,11/02/2026,21:00,"4,9,16,23,28",2,04 09 16 23 28 | ĐB 02,Loto_5/35,https://www.minhchinh.com/xs-lotto-535-ket-qua-lotto-535-ngay-11-02-2026.html,11/02/2026
455,Thứ 4,11/02/2026,13:00,"9,20,23,26,34",10,09 20 23 26 34 | ĐB 10,Loto_5/35,https://www.minhchinh.com/xs-lotto-535-ket-qua-lotto-535-ngay-11-02-2026.html,11/02/2026
454,Thứ 3,10/02/2026,21:00,"7,9,12,13,22",6,07 09 12 13 22 | ĐB 06,Loto_5/35,https://www.minhchinh.com/xs-lotto-535-ket-qua-lotto-535-ngay-10-02-2026.html,10/02/2026
453,Thứ 3,10/02/2026,13:00,"3,18,29,30,31",9,03 18 29 30 31 | ĐB 09,Loto_5/35,https://www.minhchinh.com/xs-lotto-535-ket-qua-lotto-535-ngay-10-02-2026.html,10/02/2026
452,Thứ 2,09/02/2026,21:00,"18,23,24,31,33",1,18 23 24 31 33 | ĐB 01,Loto_5/35,https://www.minhchinh.com/xs-lotto-535-ket-qua-lotto-535-ngay-09-02-2026.html,09/02/2026
451,Thứ 2,09/02/2026,13:00,"4,9,17,18,35",7,04 09 17 18 35 | ĐB 07,Loto_5/35,https://www.minhchinh.com/xs-lotto-535-ket-qua-lotto-535-ngay-09-02-2026.html,09/02/2026
450,Chủ Nhật,08/02/2026,21:00,"7,16,17,28,30",10,07 16 17 28 30 | ĐB 10,Loto_5/35,https://www.minhchinh.com/xs-lotto-535-ket-qua-lotto-535-ngay-08-02-2026.html,08/02/2026
449,Chủ Nhật,08/02/2026,13:00,"8,9,11,16,23",9,08 09 11 16 23 | ĐB 09,Loto_5/35,https://www.minhchinh.com/xs-lotto-535-ket-qua-lotto-535-ngay-08-02-2026.html,08/02/2026
448,Thứ 7,07/02/2026,21:00,"3,14,17,19,35",3,03 14 17 19 35 | ĐB 03,Loto_5/35,https://www.minhchinh.com/xs-lotto-535-ket-qua-lotto-535-ngay-07-02-2026.html,07/02/2026
447,Thứ 7,07/02/2026,13:00,"2,3,9,10,31",12,02 03 09 10 31 | ĐB 12,Loto_5/35,https://www.minhchinh.com/xs-lotto-535-ket-qua-lotto-535-ngay-07-02-2026.html,07/02/2026
446,Thứ 6,06/02/2026,21:00,"1,3,4,14,29",4,01 03 04 14 29 | ĐB 04,Loto_5/35,https://www.minhchinh.com/xs-lotto-535-ket-qua-lotto-535-ngay-06-02-2026.html,06/02/2026
445,Thứ 6,06/02/2026,13:00,"3,5,15,18,28",3,03 05 15 18 28 | ĐB 03,Loto_5/35,https://www.minhchinh.com/xs-lotto-535-ket-qua-lotto-535-ngay-06-02-2026.html,06/02/2026
444,Thứ 5,05/02/2026,21:00,"4,5,15,18,32",11,04 05 15 18 32 | ĐB 11,Loto_5/35,https://www.minhchinh.com/xs-lotto-535-ket-qua-lotto-535-ngay-05-02-2026.html,05/02/2026
443,Thứ 5,05/02/2026,13:00,"7,10,13,16,20",9,07 10 13 16 20 | ĐB 09,Loto_5/35,https://www.minhchinh.com/xs-lotto-535-ket-qua-lotto-535-ngay-05-02-2026.html,05/02/2026
442,Thứ 4,04/02/2026,21:00,"17,18,21,30,34",4,17 18 21 30 34 | ĐB 04,Loto_5/35,https://www.minhchinh.com/xs-lotto-535-ket-qua-lotto-535-ngay-04-02-2026.html,04/02/2026
441,Thứ 4,04/02/2026,13:00,"7,14,15,27,35",3,07 14 15 27 35 | ĐB 03,Loto_5/35,https://www.minhchinh.com/xs-lotto-535-ket-qua-lotto-535-ngay-04-02-2026.html,04/02/2026
440,Thứ 3,03/02/2026,21:00,"5,10,11,28,29",5,05 10 11 28 29 | ĐB 05,Loto_5/35,https://www.minhchinh.com/xs-lotto-535-ket-qua-lotto-535-ngay-03-02-2026.html,03/02/2026
439,Thứ 3,03/02/2026,13:00,"19,23,24,32,33",10,19 23 24 32 33 | ĐB 10,Loto_5/35,https://www.minhchinh.com/xs-lotto-535-ket-qua-lotto-535-ngay-03-02-2026.html,03/02/2026
438,Thứ 2,02/02/2026,21:00,"1,3,5,6,11",5,01 03 05 06 11 | ĐB 05,Loto_5/35,https://www.minhchinh.com/xs-lotto-535-ket-qua-lotto-535-ngay-02-02-2026.html,02/02/2026
437,Thứ 2,02/02/2026,13:00,"13,14,15,19,22",3,13 14 15 19 22 | ĐB 03,Loto_5/35,https://www.minhchinh.com/xs-lotto-535-ket-qua-lotto-535-ngay-02-02-2026.html,02/02/2026
436,Chủ Nhật,01/02/2026,21:00,"1,20,24,26,35",3,01 20 24 26 35 | ĐB 03,Loto_5/35,https://www.minhchinh.com/xs-lotto-535-ket-qua-lotto-535-ngay-01-02-2026.html,01/02/2026
435,Chủ Nhật,01/02/2026,13:00,"7,15,19,22,34",9,07 15 19 22 34 | ĐB 09,Loto_5/35,https://www.minhchinh.com/xs-lotto-535-ket-qua-lotto-535-ngay-01-02-2026.html,01/02/2026
434,Thứ 7,31/01/2026,21:00,"11,12,16,27,29",6,11 12 16 27 29 | ĐB 06,Loto_5/35,https://www.minhchinh.com/xs-lotto-535-ket-qua-lotto-535-ngay-31-01-2026.html,31/01/2026
433,Thứ 7,31/01/2026,13:00,"7,14,15,26,27",9,07 14 15 26 27 | ĐB 09,Loto_5/35,https://www.minhchinh.com/xs-lotto-535-ket-qua-lotto-535-ngay-31-01-2026.html,31/01/2026
432,Thứ 6,30/01/2026,21:00,"5,6,9,23,32",12,05 06 09 23 32 | ĐB 12,Loto_5/35,https://www.minhchinh.com/xs-lotto-535-ket-qua-lotto-535-ngay-30-01-2026.html,30/01/2026
431,Thứ 6,30/01/2026,13:00,"11,19,27,29,33",5,11 19 27 29 33 | ĐB 05,Loto_5/35,https://www.minhchinh.com/xs-lotto-535-ket-qua-lotto-535-ngay-30-01-2026.html,30/01/2026
430,Thứ 5,29/01/2026,21:00,"1,8,9,19,22",12,01 08 09 19 22 | ĐB 12,Loto_5/35,https://www.minhchinh.com/xs-lotto-535-ket-qua-lotto-535-ngay-29-01-2026.html,29/01/2026
429,Thứ 5,29/01/2026,13:00,"4,11,17,26,31",11,04 11 17 26 31 | ĐB 11,Loto_5/35,https://www.minhchinh.com/xs-lotto-535-ket-qua-lotto-535-ngay-29-01-2026.html,29/01/2026
428,Thứ 4,28/01/2026,21:00,"6,10,16,21,30",2,06 10 16 21 30 | ĐB 02,Loto_5/35,https://www.minhchinh.com/xs-lotto-535-ket-qua-lotto-535-ngay-28-01-2026.html,28/01/2026
427,Thứ 4,28/01/2026,13:00,"2,20,21,24,32",1,02 20 21 24 32 | ĐB 01,Loto_5/35,https://www.minhchinh.com/xs-lotto-535-ket-qua-lotto-535-ngay-28-01-2026.html,28/01/2026
426,Thứ 3,27/01/2026,21:00,"4,11,25,31,34",1,04 11 25 31 34 | ĐB 01,Loto_5/35,https://www.minhchinh.com/xs-lotto-535-ket-qua-lotto-535-ngay-27-01-2026.html,27/01/2026
425,Thứ 3,27/01/2026,13:00,"5,8,9,14,28",2,05 08 09 14 28 | ĐB 02,Loto_5/35,https://www.minhchinh.com/xs-lotto-535-ket-qua-lotto-535-ngay-27-01-2026.html,27/01/2026
424,Thứ 2,26/01/2026,21:00,"9,23,29,34,35",12,09 23 29 34 35 | ĐB 12,Loto_5/35,https://www.minhchinh.com/xs-lotto-535-ket-qua-lotto-535-ngay-26-01-2026.html,26/01/2026
423,Thứ 2,26/01/2026,13:00,"3,18,25,29,32",8,03 18 25 29 32 | ĐB 08,Loto_5/35,https://www.minhchinh.com/xs-lotto-535-ket-qua-lotto-535-ngay-26-01-2026.html,26/01/2026
422,Chủ Nhật,25/01/2026,21:00,"1,11,15,19,31",4,01 11 15 19 31 | ĐB 04,Loto_5/35,https://www.minhchinh.com/xs-lotto-535-ket-qua-lotto-535-ngay-25-01-2026.html,25/01/2026
421,Chủ Nhật,25/01/2026,13:00,"15,18,27,32,35",11,15 18 27 32 35 | ĐB 11,Loto_5/35,https://www.minhchinh.com/xs-lotto-535-ket-qua-lotto-535-ngay-25-01-2026.html,25/01/2026
420,Thứ 7,24/01/2026,21:00,"2,25,26,28,34",6,02 25 26 28 34 | ĐB 06,Loto_5/35,https://www.minhchinh.com/xs-lotto-535-ket-qua-lotto-535-ngay-24-01-2026.html,24/01/2026
419,Thứ 7,24/01/2026,13:00,"13,15,22,27,31",10,13 15 22 27 31 | ĐB 10,Loto_5/35,https://www.minhchinh.com/xs-lotto-535-ket-qua-lotto-535-ngay-24-01-2026.html,24/01/2026
418,Thứ 6,23/01/2026,21:00,"5,7,10,28,29",2,05 07 10 28 29 | ĐB 02,Loto_5/35,https://www.minhchinh.com/xs-lotto-535-ket-qua-lotto-535-ngay-23-01-2026.html,23/01/2026
417,Thứ 6,23/01/2026,13:00,"10,13,25,31,32",1,10 13 25 31 32 | ĐB 01,Loto_5/35,https://www.minhchinh.com/xs-lotto-535-ket-qua-lotto-535-ngay-23-01-2026.html,23/01/2026
416,Thứ 5,22/01/2026,21:00,"7,10,12,22,23",3,07 10 12 22 23 | ĐB 03,Loto_5/35,https://www.minhchinh.com/xs-lotto-535-ket-qua-lotto-535-ngay-22-01-2026.html,22/01/2026
415,Thứ 5,22/01/2026,13:00,"8,17,20,27,31",12,08 17 20 27 31 | ĐB 12,Loto_5/35,https://www.minhchinh.com/xs-lotto-535-ket-qua-lotto-535-ngay-22-01-2026.html,22/01/2026
414,Thứ 4,21/01/2026,21:00,"1,4,7,8,33",9,01 04 07 08 33 | ĐB 09,5/35,https://www.minhchinh.com/xs-lotto-535-ket-qua-lotto-535-ngay-21-01-2026.html,21/01/2026
413,Thứ 4,21/01/2026,13:00,"8,16,24,29,30",5,08 16 24 29 30 | ĐB 05,5/35,https://www.minhchinh.com/xs-lotto-535-ket-qua-lotto-535-ngay-21-01-2026.html,21/01/2026
412,Thứ 3,20/01/2026,21:00,"14,15,18,19,33",4,14 15 18 19 33 | ĐB 04,5/35,https://www.minhchinh.com/xs-lotto-535-ket-qua-lotto-535-ngay-20-01-2026.html,20/01/2026
411,Thứ 3,20/01/2026,13:00,"1,15,19,21,26",2,01 15 19 21 26 | ĐB 02,5/35,https://www.minhchinh.com/xs-lotto-535-ket-qua-lotto-535-ngay-20-01-2026.html,20/01/2026
410,Thứ 2,19/01/2026,21:00,"7,8,10,14,35",9,07 08 10 14 35 | ĐB 09,5/35,https://www.minhchinh.com/xs-lotto-535-ket-qua-lotto-535-ngay-19-01-2026.html,19/01/2026
409,Thứ 2,19/01/2026,13:00,"5,13,14,19,21",10,05 13 14 19 21 | ĐB 10,5/35,https://www.minhchinh.com/xs-lotto-535-ket-qua-lotto-535-ngay-19-01-2026.html,19/01/2026
408,Chủ Nhật,18/01/2026,21:00,"2,9,14,15,22",12,02 09 14 15 22 | ĐB 12,5/35,https://www.minhchinh.com/xs-lotto-535-ket-qua-lotto-535-ngay-18-01-2026.html,18/01/2026
407,Chủ Nhật,18/01/2026,13:00,"3,13,14,20,35",12,03 13 14 20 35 | ĐB 12,5/35,https://www.minhchinh.com/xs-lotto-535-ket-qua-lotto-535-ngay-18-01-2026.html,18/01/2026
406,Thứ 7,17/01/2026,21:00,"1,2,13,27,31",10,01 02 13 27 31 | ĐB 10,5/35,https://www.minhchinh.com/xs-lotto-535-ket-qua-lotto-535-ngay-17-01-2026.html,17/01/2026
405,Thứ 7,17/01/2026,13:00,"13,18,24,29,32",1,13 18 24 29 32 | ĐB 01,5/35,https://www.minhchinh.com/xs-lotto-535-ket-qua-lotto-535-ngay-17-01-2026.html,17/01/2026
404,Thứ 6,16/01/2026,21:00,"2,6,10,24,29",5,02 06 10 24 29 | ĐB 05,5/35,https://www.minhchinh.com/xs-lotto-535-ket-qua-lotto-535-ngay-16-01-2026.html,16/01/2026
403,Thứ 6,16/01/2026,13:00,"1,3,10,26,34",3,01 03 10 26 34 | ĐB 03,5/35,https://www.minhchinh.com/xs-lotto-535-ket-qua-lotto-535-ngay-16-01-2026.html,16/01/2026
402,Thứ 5,15/01/2026,21:00,"3,6,15,17,23",2,03 06 15 17 23 | ĐB 02,5/35,https://www.minhchinh.com/xs-lotto-535-ket-qua-lotto-535-ngay-15-01-2026.html,15/01/2026
401,Thứ 5,15/01/2026,13:00,"6,9,23,24,25",7,06 09 23 24 25 | ĐB 07,5/35,https://www.minhchinh.com/xs-lotto-535-ket-qua-lotto-535-ngay-15-01-2026.html,15/01/2026
400,Thứ 4,14/01/2026,21:00,"2,6,8,19,29",9,02 06 08 19 29 | ĐB 09,5/35,https://www.minhchinh.com/xs-lotto-535-ket-qua-lotto-535-ngay-14-01-2026.html,14/01/2026
399,Thứ 4,14/01/2026,13:00,"3,4,5,19,35",8,03 04 05 19 35 | ĐB 08,5/35,https://www.minhchinh.com/xs-lotto-535-ket-qua-lotto-535-ngay-14-01-2026.html,14/01/2026
398,Thứ 3,13/01/2026,21:00,"3,4,6,10,27",4,03 04 06 10 27 | ĐB 04,5/35,https://www.minhchinh.com/xs-lotto-535-ket-qua-lotto-535-ngay-13-01-2026.html,13/01/2026
397,Thứ 3,13/01/2026,13:00,"10,15,16,18,26",9,10 15 16 18 26 | ĐB 09,5/35,https://www.minhchinh.com/xs-lotto-535-ket-qua-lotto-535-ngay-13-01-2026.html,13/01/2026
396,Thứ 2,12/01/2026,21:00,"4,21,25,28,33",11,04 21 25 28 33 | ĐB 11,5/35,https://www.minhchinh.com/xs-lotto-535-ket-qua-lotto-535-ngay-12-01-2026.html,12/01/2026
395,Thứ 2,12/01/2026,13:00,"4,14,19,22,26",7,04 14 19 22 26 | ĐB 07,5/35,https://www.minhchinh.com/xs-lotto-535-ket-qua-lotto-535-ngay-12-01-2026.html,12/01/2026
394,Chủ Nhật,11/01/2026,21:00,"2,22,23,26,29",9,02 22 23 26 29 | ĐB 09,5/35,https://www.minhchinh.com/xs-lotto-535-ket-qua-lotto-535-ngay-11-01-2026.html,11/01/2026
393,Chủ Nhật,11/01/2026,13:00,"4,6,24,25,26",7,04 06 24 25 26 | ĐB 07,5/35,https://www.minhchinh.com/xs-lotto-535-ket-qua-lotto-535-ngay-11-01-2026.html,11/01/2026
392,Thứ 7,10/01/2026,21:00,"2,8,17,23,28",4,02 08 17 23 28 | ĐB 04,5/35,https://www.minhchinh.com/xs-lotto-535-ket-qua-lotto-535-ngay-10-01-2026.html,10/01/2026
391,Thứ 7,10/01/2026,13:00,"13,14,21,26,31",10,13 14 21 26 31 | ĐB 10,5/35,https://www.minhchinh.com/xs-lotto-535-ket-qua-lotto-535-ngay-10-01-2026.html,10/01/2026
390,Thứ 6,09/01/2026,21:00,"5,11,14,20,32",1,05 11 14 20 32 | ĐB 01,5/35,https://www.minhchinh.com/xs-lotto-535-ket-qua-lotto-535-ngay-09-01-2026.html,09/01/2026
389,Thứ 6,09/01/2026,13:00,"1,25,28,32,35",12,01 25 28 32 35 | ĐB 12,5/35,https://www.minhchinh.com/xs-lotto-535-ket-qua-lotto-535-ngay-09-01-2026.html,09/01/2026
388,Thứ 5,08/01/2026,21:00,"6,7,10,28,35",6,06 07 10 28 35 | ĐB 06,5/35,https://www.minhchinh.com/xs-lotto-535-ket-qua-lotto-535-ngay-08-01-2026.html,08/01/2026
387,Thứ 5,08/01/2026,13:00,"4,9,13,25,30",6,04 09 13 25 30 | ĐB 06,5/35,https://www.minhchinh.com/xs-lotto-535-ket-qua-lotto-535-ngay-08-01-2026.html,08/01/2026
386,Thứ 4,07/01/2026,21:00,"1,7,14,28,29",5,01 07 14 28 29 | ĐB 05,5/35,https://www.minhchinh.com/xs-lotto-535-ket-qua-lotto-535-ngay-07-01-2026.html,07/01/2026
385,Thứ 4,07/01/2026,13:00,"22,27,29,33,34",3,22 27 29 33 34 | ĐB 03,5/35,https://www.minhchinh.com/xs-lotto-535-ket-qua-lotto-535-ngay-07-01-2026.html,07/01/2026
384,Thứ 3,06/01/2026,21:00,"4,6,12,16,31",2,04 06 12 16 31 | ĐB 02,5/35,https://www.minhchinh.com/xs-lotto-535-ket-qua-lotto-535-ngay-06-01-2026.html,06/01/2026
383,Thứ 3,06/01/2026,13:00,"7,25,26,27,31",5,07 25 26 27 31 | ĐB 05,5/35,https://www.minhchinh.com/xs-lotto-535-ket-qua-lotto-535-ngay-06-01-2026.html,06/01/2026
382,Thứ 2,05/01/2026,21:00,"1,2,6,10,17",1,01 02 06 10 17 | ĐB 01,5/35,https://www.minhchinh.com/xs-lotto-535-ket-qua-lotto-535-ngay-05-01-2026.html,05/01/2026
381,Thứ 2,05/01/2026,13:00,"5,13,14,19,26",9,05 13 14 19 26 | ĐB 09,5/35,https://www.minhchinh.com/xs-lotto-535-ket-qua-lotto-535-ngay-05-01-2026.html,05/01/2026
380,Chủ Nhật,04/01/2026,21:00,"13,16,26,29,34",2,13 16 26 29 34 | ĐB 02,5/35,https://www.minhchinh.com/xs-lotto-535-ket-qua-lotto-535-ngay-04-01-2026.html,04/01/2026
379,Chủ Nhật,04/01/2026,13:00,"12,14,22,25,29",1,12 14 22 25 29 | ĐB 01,5/35,https://www.minhchinh.com/xs-lotto-535-ket-qua-lotto-535-ngay-04-01-2026.html,04/01/2026
378,Thứ 7,03/01/2026,21:00,"2,6,24,28,34",1,02 06 24 28 34 | ĐB 01,5/35,https://www.minhchinh.com/xs-lotto-535-ket-qua-lotto-535-ngay-03-01-2026.html,03/01/2026
377,Thứ 7,03/01/2026,13:00,"7,11,12,22,30",5,07 11 12 22 30 | ĐB 05,5/35,https://www.minhchinh.com/xs-lotto-535-ket-qua-lotto-535-ngay-03-01-2026.html,03/01/2026
376,Thứ 6,02/01/2026,21:00,"3,9,10,14,25",6,03 09 10 14 25 | ĐB 06,5/35,https://www.minhchinh.com/xs-lotto-535-ket-qua-lotto-535-ngay-02-01-2026.html,02/01/2026
375,Thứ 6,02/01/2026,13:00,"13,17,22,23,29",8,13 17 22 23 29 | ĐB 08,5/35,https://www.minhchinh.com/xs-lotto-535-ket-qua-lotto-535-ngay-02-01-2026.html,02/01/2026
374,Thứ 5,01/01/2026,21:00,"2,3,20,25,30",3,02 03 20 25 30 | ĐB 03,5/35,https://www.minhchinh.com/xs-lotto-535-ket-qua-lotto-535-ngay-01-01-2026.html,01/01/2026
373,Thứ 5,01/01/2026,13:00,"11,17,23,26,34",12,11 17 23 26 34 | ĐB 12,5/35,https://www.minhchinh.com/xs-lotto-535-ket-qua-lotto-535-ngay-01-01-2026.html,01/01/2026
372,Thứ 4,31/12/2025,21:00,"3,5,11,25,30",12,03 05 11 25 30 | ĐB 12,Loto_5/35,https://www.minhchinh.com/xs-lotto-535-ket-qua-lotto-535-ngay-31-12-2025.html,31/12/2025
371,Thứ 4,31/12/2025,13:00,"11,21,25,28,33",3,11 21 25 28 33 | ĐB 03,Loto_5/35,https://www.minhchinh.com/xs-lotto-535-ket-qua-lotto-535-ngay-31-12-2025.html,31/12/2025
370,Thứ 3,30/12/2025,21:00,"7,15,23,24,33",2,07 15 23 24 33 | ĐB 02,Loto_5/35,https://www.minhchinh.com/xs-lotto-535-ket-qua-lotto-535-ngay-30-12-2025.html,30/12/2025
369,Thứ 3,30/12/2025,13:00,"2,13,19,23,24",11,02 13 19 23 24 | ĐB 11,Loto_5/35,https://www.minhchinh.com/xs-lotto-535-ket-qua-lotto-535-ngay-30-12-2025.html,30/12/2025
368,Thứ 2,29/12/2025,21:00,"3,21,22,30,33",1,03 21 22 30 33 | ĐB 01,Loto_5/35,https://www.minhchinh.com/xs-lotto-535-ket-qua-lotto-535-ngay-29-12-2025.html,29/12/2025
367,Thứ 2,29/12/2025,13:00,"4,6,13,16,30",10,04 06 13 16 30 | ĐB 10,Loto_5/35,https://www.minhchinh.com/xs-lotto-535-ket-qua-lotto-535-ngay-29-12-2025.html,29/12/2025
366,Chủ Nhật,28/12/2025,21:00,"2,5,7,8,21",12,02 05 07 08 21 | ĐB 12,Loto_5/35,https://www.minhchinh.com/xs-lotto-535-ket-qua-lotto-535-ngay-28-12-2025.html,28/12/2025
365,Chủ Nhật,28/12/2025,13:00,"11,14,27,30,35",9,11 14 27 30 35 | ĐB 09,Loto_5/35,https://www.minhchinh.com/xs-lotto-535-ket-qua-lotto-535-ngay-28-12-2025.html,28/12/2025
364,Thứ 7,27/12/2025,21:00,"4,8,14,33,35",11,04 08 14 33 35 | ĐB 11,Loto_5/35,https://www.minhchinh.com/xs-lotto-535-ket-qua-lotto-535-ngay-27-12-2025.html,27/12/2025
363,Thứ 7,27/12/2025,13:00,"1,2,20,24,33",10,01 02 20 24 33 | ĐB 10,Loto_5/35,https://www.minhchinh.com/xs-lotto-535-ket-qua-lotto-535-ngay-27-12-2025.html,27/12/2025
362,Thứ 6,26/12/2025,21:00,"11,17,19,26,33",8,11 17 19 26 33 | ĐB 08,Loto_5/35,https://www.minhchinh.com/xs-lotto-535-ket-qua-lotto-535-ngay-26-12-2025.html,26/12/2025
361,Thứ 6,26/12/2025,13:00,"1,2,19,21,31",3,01 02 19 21 31 | ĐB 03,Loto_5/35,https://www.minhchinh.com/xs-lotto-535-ket-qua-lotto-535-ngay-26-12-2025.html,26/12/2025
360,Thứ 5,25/12/2025,21:00,"2,4,14,24,34",10,02 04 14 24 34 | ĐB 10,Loto_5/35,https://www.minhchinh.com/xs-lotto-535-ket-qua-lotto-535-ngay-25-12-2025.html,25/12/2025
359,Thứ 5,25/12/2025,13:00,"5,12,25,28,33",8,05 12 25 28 33 | ĐB 08,Loto_5/35,https://www.minhchinh.com/xs-lotto-535-ket-qua-lotto-535-ngay-25-12-2025.html,25/12/2025
358,Thứ 4,24/12/2025,21:00,"19,20,27,31,34",5,19 20 27 31 34 | ĐB 05,Loto_5/35,https://www.minhchinh.com/xs-lotto-535-ket-qua-lotto-535-ngay-24-12-2025.html,24/12/2025
357,Thứ 4,24/12/2025,13:00,"1,2,4,10,33",3,01 02 04 10 33 | ĐB 03,Loto_5/35,https://www.minhchinh.com/xs-lotto-535-ket-qua-lotto-535-ngay-24-12-2025.html,24/12/2025
356,Thứ 3,23/12/2025,21:00,"22,23,26,34,35",3,22 23 26 34 35 | ĐB 03,Loto_5/35,https://www.minhchinh.com/xs-lotto-535-ket-qua-lotto-535-ngay-23-12-2025.html,23/12/2025
355,Thứ 3,23/12/2025,13:00,"3,23,28,32,35",9,03 23 28 32 35 | ĐB 09,Loto_5/35,https://www.minhchinh.com/xs-lotto-535-ket-qua-lotto-535-ngay-23-12-2025.html,23/12/2025
354,Thứ 2,22/12/2025,21:00,"13,31,32,33,35",11,13 31 32 33 35 | ĐB 11,Loto_5/35,https://www.minhchinh.com/xs-lotto-535-ket-qua-lotto-535-ngay-22-12-2025.html,22/12/2025
353,Thứ 2,22/12/2025,13:00,"8,12,14,24,27",9,08 12 14 24 27 | ĐB 09,Loto_5/35,https://www.minhchinh.com/xs-lotto-535-ket-qua-lotto-535-ngay-22-12-2025.html,22/12/2025
352,Chủ Nhật,21/12/2025,21:00,"6,26,27,33,34",7,06 26 27 33 34 | ĐB 07,Loto_5/35,https://www.minhchinh.com/xs-lotto-535-ket-qua-lotto-535-ngay-21-12-2025.html,21/12/2025
351,Chủ Nhật,21/12/2025,13:00,"6,16,28,33,35",8,06 16 28 33 35 | ĐB 08,Loto_5/35,https://www.minhchinh.com/xs-lotto-535-ket-qua-lotto-535-ngay-21-12-2025.html,21/12/2025
350,Thứ 7,20/12/2025,21:00,"11,12,13,14,19",7,11 12 13 14 19 | ĐB 07,Loto_5/35,https://www.minhchinh.com/xs-lotto-535-ket-qua-lotto-535-ngay-20-12-2025.html,20/12/2025
349,Thứ 7,20/12/2025,13:00,"1,7,9,16,30",11,01 07 09 16 30 | ĐB 11,Loto_5/35,https://www.minhchinh.com/xs-lotto-535-ket-qua-lotto-535-ngay-20-12-2025.html,20/12/2025
348,Thứ 6,19/12/2025,21:00,"3,13,15,16,23",10,03 13 15 16 23 | ĐB 10,Loto_5/35,https://www.minhchinh.com/xs-lotto-535-ket-qua-lotto-535-ngay-19-12-2025.html,19/12/2025
347,Thứ 6,19/12/2025,13:00,"4,5,13,29,35",5,04 05 13 29 35 | ĐB 05,Loto_5/35,https://www.minhchinh.com/xs-lotto-535-ket-qua-lotto-535-ngay-19-12-2025.html,19/12/2025
346,Thứ 5,18/12/2025,21:00,"2,7,22,25,31",9,02 07 22 25 31 | ĐB 09,Loto_5/35,https://www.minhchinh.com/xs-lotto-535-ket-qua-lotto-535-ngay-18-12-2025.html,18/12/2025
345,Thứ 5,18/12/2025,13:00,"14,15,17,27,34",8,14 15 17 27 34 | ĐB 08,Loto_5/35,https://www.minhchinh.com/xs-lotto-535-ket-qua-lotto-535-ngay-18-12-2025.html,18/12/2025
344,Thứ 4,17/12/2025,21:00,"7,10,17,19,22",1,07 10 17 19 22 | ĐB 01,Loto_5/35,https://www.minhchinh.com/xs-lotto-535-ket-qua-lotto-535-ngay-17-12-2025.html,17/12/2025
343,Thứ 4,17/12/2025,13:00,"6,23,27,28,30",6,06 23 27 28 30 | ĐB 06,Loto_5/35,https://www.minhchinh.com/xs-lotto-535-ket-qua-lotto-535-ngay-17-12-2025.html,17/12/2025
342,Thứ 3,16/12/2025,21:00,"7,10,26,27,35",11,07 10 26 27 35 | ĐB 11,Loto_5/35,https://www.minhchinh.com/xs-lotto-535-ket-qua-lotto-535-ngay-16-12-2025.html,16/12/2025
341,Thứ 3,16/12/2025,13:00,"2,3,7,16,17",10,02 03 07 16 17 | ĐB 10,Loto_5/35,https://www.minhchinh.com/xs-lotto-535-ket-qua-lotto-535-ngay-16-12-2025.html,16/12/2025
340,Thứ 2,15/12/2025,21:00,"20,21,24,25,28",9,20 21 24 25 28 | ĐB 09,Loto_5/35,https://www.minhchinh.com/xs-lotto-535-ket-qua-lotto-535-ngay-15-12-2025.html,15/12/2025
339,Thứ 2,15/12/2025,13:00,"1,2,5,12,16",9,01 02 05 12 16 | ĐB 09,Loto_5/35,https://www.minhchinh.com/xs-lotto-535-ket-qua-lotto-535-ngay-15-12-2025.html,15/12/2025
338,Chủ Nhật,14/12/2025,21:00,"8,9,11,25,26",7,08 09 11 25 26 | ĐB 07,Loto_5/35,https://www.minhchinh.com/xs-lotto-535-ket-qua-lotto-535-ngay-14-12-2025.html,14/12/2025
337,Chủ Nhật,14/12/2025,13:00,"8,13,14,27,35",6,08 13 14 27 35 | ĐB 06,Loto_5/35,https://www.minhchinh.com/xs-lotto-535-ket-qua-lotto-535-ngay-14-12-2025.html,14/12/2025
336,Thứ 7,13/12/2025,21:00,"5,7,15,16,18",10,05 07 15 16 18 | ĐB 10,Loto_5/35,https://www.minhchinh.com/xs-lotto-535-ket-qua-lotto-535-ngay-13-12-2025.html,13/12/2025
335,Thứ 7,13/12/2025,13:00,"1,11,26,29,35",10,01 11 26 29 35 | ĐB 10,Loto_5/35,https://www.minhchinh.com/xs-lotto-535-ket-qua-lotto-535-ngay-13-12-2025.html,13/12/2025
334,Thứ 6,12/12/2025,21:00,"1,3,7,10,28",4,01 03 07 10 28 | ĐB 04,Loto_5/35,https://www.minhchinh.com/xs-lotto-535-ket-qua-lotto-535-ngay-12-12-2025.html,12/12/2025
333,Thứ 6,12/12/2025,13:00,"8,25,30,33,34",11,08 25 30 33 34 | ĐB 11,Loto_5/35,https://www.minhchinh.com/xs-lotto-535-ket-qua-lotto-535-ngay-12-12-2025.html,12/12/2025
332,Thứ 5,11/12/2025,21:00,"3,10,16,23,29",11,03 10 16 23 29 | ĐB 11,Loto_5/35,https://www.minhchinh.com/xs-lotto-535-ket-qua-lotto-535-ngay-11-12-2025.html,11/12/2025
331,Thứ 5,11/12/2025,13:00,"7,8,10,12,32",2,07 08 10 12 32 | ĐB 02,Loto_5/35,https://www.minhchinh.com/xs-lotto-535-ket-qua-lotto-535-ngay-11-12-2025.html,11/12/2025
330,Thứ 4,10/12/2025,21:00,"1,15,26,29,33",9,01 15 26 29 33 | ĐB 09,Loto_5/35,https://www.minhchinh.com/xs-lotto-535-ket-qua-lotto-535-ngay-10-12-2025.html,10/12/2025
329,Thứ 4,10/12/2025,13:00,"1,24,30,34,35",3,01 24 30 34 35 | ĐB 03,Loto_5/35,https://www.minhchinh.com/xs-lotto-535-ket-qua-lotto-535-ngay-10-12-2025.html,10/12/2025
328,Thứ 3,09/12/2025,21:00,"2,10,23,33,35",4,02 10 23 33 35 | ĐB 04,Loto_5/35,https://www.minhchinh.com/xs-lotto-535-ket-qua-lotto-535-ngay-09-12-2025.html,09/12/2025
327,Thứ 3,09/12/2025,13:00,"1,8,10,13,32",3,01 08 10 13 32 | ĐB 03,Loto_5/35,https://www.minhchinh.com/xs-lotto-535-ket-qua-lotto-535-ngay-09-12-2025.html,09/12/2025
326,Thứ 2,08/12/2025,21:00,"2,7,28,32,35",8,02 07 28 32 35 | ĐB 08,Loto_5/35,https://www.minhchinh.com/xs-lotto-535-ket-qua-lotto-535-ngay-08-12-2025.html,08/12/2025
325,Thứ 2,08/12/2025,13:00,"2,3,16,23,31",12,02 03 16 23 31 | ĐB 12,Loto_5/35,https://www.minhchinh.com/xs-lotto-535-ket-qua-lotto-535-ngay-08-12-2025.html,08/12/2025
324,Chủ Nhật,07/12/2025,21:00,"4,8,11,18,35",9,04 08 11 18 35 | ĐB 09,Loto_5/35,https://www.minhchinh.com/xs-lotto-535-ket-qua-lotto-535-ngay-07-12-2025.html,07/12/2025
323,Chủ Nhật,07/12/2025,13:00,"11,17,21,23,31",2,11 17 21 23 31 | ĐB 02,Loto_5/35,https://www.minhchinh.com/xs-lotto-535-ket-qua-lotto-535-ngay-07-12-2025.html,07/12/2025
322,Thứ 7,06/12/2025,21:00,"1,11,13,23,25",8,01 11 13 23 25 | ĐB 08,Loto_5/35,https://www.minhchinh.com/xs-lotto-535-ket-qua-lotto-535-ngay-06-12-2025.html,06/12/2025
321,Thứ 7,06/12/2025,13:00,"5,7,13,22,34",11,05 07 13 22 34 | ĐB 11,Loto_5/35,https://www.minhchinh.com/xs-lotto-535-ket-qua-lotto-535-ngay-06-12-2025.html,06/12/2025
320,Thứ 6,05/12/2025,21:00,"3,10,11,21,30",10,03 10 11 21 30 | ĐB 10,Loto_5/35,https://www.minhchinh.com/xs-lotto-535-ket-qua-lotto-535-ngay-05-12-2025.html,05/12/2025
319,Thứ 6,05/12/2025,13:00,"13,18,20,28,30",3,13 18 20 28 30 | ĐB 03,Loto_5/35,https://www.minhchinh.com/xs-lotto-535-ket-qua-lotto-535-ngay-05-12-2025.html,05/12/2025
318,Thứ 5,04/12/2025,21:00,"3,7,12,13,21",1,03 07 12 13 21 | ĐB 01,Loto_5/35,https://www.minhchinh.com/xs-lotto-535-ket-qua-lotto-535-ngay-04-12-2025.html,04/12/2025
317,Thứ 5,04/12/2025,13:00,"2,7,11,20,26",10,02 07 11 20 26 | ĐB 10,Loto_5/35,https://www.minhchinh.com/xs-lotto-535-ket-qua-lotto-535-ngay-04-12-2025.html,04/12/2025
316,Thứ 4,03/12/2025,21:00,"9,10,27,30,31",2,09 10 27 30 31 | ĐB 02,Loto_5/35,https://www.minhchinh.com/xs-lotto-535-ket-qua-lotto-535-ngay-03-12-2025.html,03/12/2025
315,Thứ 4,03/12/2025,13:00,"4,8,22,24,34",5,04 08 22 24 34 | ĐB 05,Loto_5/35,https://www.minhchinh.com/xs-lotto-535-ket-qua-lotto-535-ngay-03-12-2025.html,03/12/2025
314,Thứ 3,02/12/2025,21:00,"9,12,14,28,35",10,09 12 14 28 35 | ĐB 10,Loto_5/35,https://www.minhchinh.com/xs-lotto-535-ket-qua-lotto-535-ngay-02-12-2025.html,02/12/2025
313,Thứ 3,02/12/2025,13:00,"1,2,4,14,23",7,01 02 04 14 23 | ĐB 07,Loto_5/35,https://www.minhchinh.com/xs-lotto-535-ket-qua-lotto-535-ngay-02-12-2025.html,02/12/2025
312,Thứ 2,01/12/2025,21:00,"9,13,19,30,33",12,09 13 19 30 33 | ĐB 12,Loto_5/35,https://www.minhchinh.com/xs-lotto-535-ket-qua-lotto-535-ngay-01-12-2025.html,01/12/2025
311,Thứ 2,01/12/2025,13:00,"3,16,21,29,34",12,03 16 21 29 34 | ĐB 12,Loto_5/35,https://www.minhchinh.com/xs-lotto-535-ket-qua-lotto-535-ngay-01-12-2025.html,01/12/2025
310,Chủ Nhật,30/11/2025,21:00,"9,10,11,18,25",12,09 10 11 18 25 | ĐB 12,Loto_5/35,https://www.minhchinh.com/xs-lotto-535-ket-qua-lotto-535-ngay-30-11-2025.html,30/11/2025
309,Chủ Nhật,30/11/2025,13:00,"11,19,24,27,32",4,11 19 24 27 32 | ĐB 04,Loto_5/35,https://www.minhchinh.com/xs-lotto-535-ket-qua-lotto-535-ngay-30-11-2025.html,30/11/2025
308,Thứ 7,29/11/2025,21:00,"8,11,17,18,28",4,08 11 17 18 28 | ĐB 04,Loto_5/35,https://www.minhchinh.com/xs-lotto-535-ket-qua-lotto-535-ngay-29-11-2025.html,29/11/2025
307,Thứ 7,29/11/2025,13:00,"2,12,22,30,32",9,02 12 22 30 32 | ĐB 09,Loto_5/35,https://www.minhchinh.com/xs-lotto-535-ket-qua-lotto-535-ngay-29-11-2025.html,29/11/2025
306,Thứ 6,28/11/2025,21:00,"18,29,30,32,35",2,18 29 30 32 35 | ĐB 02,Loto_5/35,https://www.minhchinh.com/xs-lotto-535-ket-qua-lotto-535-ngay-28-11-2025.html,28/11/2025
305,Thứ 6,28/11/2025,13:00,"2,18,20,30,34",9,02 18 20 30 34 | ĐB 09,Loto_5/35,https://www.minhchinh.com/xs-lotto-535-ket-qua-lotto-535-ngay-28-11-2025.html,28/11/2025
304,Thứ 5,27/11/2025,21:00,"1,10,16,30,34",7,01 10 16 30 34 | ĐB 07,Loto_5/35,https://www.minhchinh.com/xs-lotto-535-ket-qua-lotto-535-ngay-27-11-2025.html,27/11/2025
303,Thứ 5,27/11/2025,13:00,"4,8,14,20,32",1,04 08 14 20 32 | ĐB 01,Loto_5/35,https://www.minhchinh.com/xs-lotto-535-ket-qua-lotto-535-ngay-27-11-2025.html,27/11/2025
302,Thứ 4,26/11/2025,21:00,"2,4,18,30,34",4,02 04 18 30 34 | ĐB 04,Loto_5/35,https://www.minhchinh.com/xs-lotto-535-ket-qua-lotto-535-ngay-26-11-2025.html,26/11/2025
301,Thứ 4,26/11/2025,13:00,"11,14,19,21,27",8,11 14 19 21 27 | ĐB 08,Loto_5/35,https://www.minhchinh.com/xs-lotto-535-ket-qua-lotto-535-ngay-26-11-2025.html,26/11/2025
300,Thứ 3,25/11/2025,21:00,"11,22,28,29,31",10,11 22 28 29 31 | ĐB 10,Loto_5/35,https://www.minhchinh.com/xs-lotto-535-ket-qua-lotto-535-ngay-25-11-2025.html,25/11/2025
299,Thứ 3,25/11/2025,13:00,"5,12,28,31,33",7,05 12 28 31 33 | ĐB 07,Loto_5/35,https://www.minhchinh.com/xs-lotto-535-ket-qua-lotto-535-ngay-25-11-2025.html,25/11/2025
298,Thứ 2,24/11/2025,21:00,"5,20,24,32,33",5,05 20 24 32 33 | ĐB 05,Loto_5/35,https://www.minhchinh.com/xs-lotto-535-ket-qua-lotto-535-ngay-24-11-2025.html,24/11/2025
297,Thứ 2,24/11/2025,13:00,"11,12,15,28,33",6,11 12 15 28 33 | ĐB 06,Loto_5/35,https://www.minhchinh.com/xs-lotto-535-ket-qua-lotto-535-ngay-24-11-2025.html,24/11/2025
296,Chủ Nhật,23/11/2025,21:00,"14,17,22,30,32",11,14 17 22 30 32 | ĐB 11,Loto_5/35,https://www.minhchinh.com/xs-lotto-535-ket-qua-lotto-535-ngay-23-11-2025.html,23/11/2025
295,Chủ Nhật,23/11/2025,13:00,"5,19,22,34,35",12,05 19 22 34 35 | ĐB 12,Loto_5/35,https://www.minhchinh.com/xs-lotto-535-ket-qua-lotto-535-ngay-23-11-2025.html,23/11/2025
294,Thứ 7,22/11/2025,21:00,"7,16,23,24,27",9,07 16 23 24 27 | ĐB 09,Loto_5/35,https://www.minhchinh.com/xs-lotto-535-ket-qua-lotto-535-ngay-22-11-2025.html,22/11/2025
293,Thứ 7,22/11/2025,13:00,"17,23,28,30,31",2,17 23 28 30 31 | ĐB 02,Loto_5/35,https://www.minhchinh.com/xs-lotto-535-ket-qua-lotto-535-ngay-22-11-2025.html,22/11/2025
292,Thứ 6,21/11/2025,21:00,"5,7,11,19,23",11,05 07 11 19 23 | ĐB 11,Loto_5/35,https://www.minhchinh.com/xs-lotto-535-ket-qua-lotto-535-ngay-21-11-2025.html,21/11/2025
291,Thứ 6,21/11/2025,13:00,"7,8,10,24,25",8,07 08 10 24 25 | ĐB 08,Loto_5/35,https://www.minhchinh.com/xs-lotto-535-ket-qua-lotto-535-ngay-21-11-2025.html,21/11/2025
290,Thứ 5,20/11/2025,21:00,"1,7,15,17,23",11,01 07 15 17 23 | ĐB 11,Loto_5/35,https://www.minhchinh.com/xs-lotto-535-ket-qua-lotto-535-ngay-20-11-2025.html,20/11/2025
289,Thứ 5,20/11/2025,13:00,"6,14,21,24,30",5,06 14 21 24 30 | ĐB 05,Loto_5/35,https://www.minhchinh.com/xs-lotto-535-ket-qua-lotto-535-ngay-20-11-2025.html,20/11/2025
288,Thứ 4,19/11/2025,21:00,"12,14,20,33,34",1,12 14 20 33 34 | ĐB 01,Loto_5/35,https://www.minhchinh.com/xs-lotto-535-ket-qua-lotto-535-ngay-19-11-2025.html,19/11/2025
287,Thứ 4,19/11/2025,13:00,"9,20,24,26,34",12,09 20 24 26 34 | ĐB 12,Loto_5/35,https://www.minhchinh.com/xs-lotto-535-ket-qua-lotto-535-ngay-19-11-2025.html,19/11/2025
286,Thứ 3,18/11/2025,21:00,"8,11,17,21,29",3,08 11 17 21 29 | ĐB 03,Loto_5/35,https://www.minhchinh.com/xs-lotto-535-ket-qua-lotto-535-ngay-18-11-2025.html,18/11/2025
285,Thứ 3,18/11/2025,13:00,"3,17,30,33,34",8,03 17 30 33 34 | ĐB 08,Loto_5/35,https://www.minhchinh.com/xs-lotto-535-ket-qua-lotto-535-ngay-18-11-2025.html,18/11/2025
284,Thứ 2,17/11/2025,21:00,"7,9,23,30,34",2,07 09 23 30 34 | ĐB 02,Loto_5/35,https://www.minhchinh.com/xs-lotto-535-ket-qua-lotto-535-ngay-17-11-2025.html,17/11/2025
283,Thứ 2,17/11/2025,13:00,"3,13,14,18,34",2,03 13 14 18 34 | ĐB 02,Loto_5/35,https://www.minhchinh.com/xs-lotto-535-ket-qua-lotto-535-ngay-17-11-2025.html,17/11/2025
282,Chủ Nhật,16/11/2025,21:00,"1,18,20,26,30",12,01 18 20 26 30 | ĐB 12,Loto_5/35,https://www.minhchinh.com/xs-lotto-535-ket-qua-lotto-535-ngay-16-11-2025.html,16/11/2025
281,Chủ Nhật,16/11/2025,13:00,"2,15,21,22,28",7,02 15 21 22 28 | ĐB 07,Loto_5/35,https://www.minhchinh.com/xs-lotto-535-ket-qua-lotto-535-ngay-16-11-2025.html,16/11/2025
280,Thứ 7,15/11/2025,21:00,"8,20,21,28,29",3,08 20 21 28 29 | ĐB 03,Loto_5/35,https://www.minhchinh.com/xs-lotto-535-ket-qua-lotto-535-ngay-15-11-2025.html,15/11/2025
279,Thứ 7,15/11/2025,13:00,"2,15,20,22,32",10,02 15 20 22 32 | ĐB 10,Loto_5/35,https://www.minhchinh.com/xs-lotto-535-ket-qua-lotto-535-ngay-15-11-2025.html,15/11/2025
278,Thứ 6,14/11/2025,21:00,"8,12,14,25,35",3,08 12 14 25 35 | ĐB 03,Loto_5/35,https://www.minhchinh.com/xs-lotto-535-ket-qua-lotto-535-ngay-14-11-2025.html,14/11/2025
277,Thứ 6,14/11/2025,13:00,"14,19,22,26,28",7,14 19 22 26 28 | ĐB 07,Loto_5/35,https://www.minhchinh.com/xs-lotto-535-ket-qua-lotto-535-ngay-14-11-2025.html,14/11/2025
276,Thứ 5,13/11/2025,21:00,"3,8,17,22,30",1,03 08 17 22 30 | ĐB 01,Loto_5/35,https://www.minhchinh.com/xs-lotto-535-ket-qua-lotto-535-ngay-13-11-2025.html,13/11/2025
275,Thứ 5,13/11/2025,13:00,"7,9,21,27,30",4,07 09 21 27 30 | ĐB 04,Loto_5/35,https://www.minhchinh.com/xs-lotto-535-ket-qua-lotto-535-ngay-13-11-2025.html,13/11/2025
274,Thứ 4,12/11/2025,21:00,"7,10,11,24,26",6,07 10 11 24 26 | ĐB 06,Loto_5/35,https://www.minhchinh.com/xs-lotto-535-ket-qua-lotto-535-ngay-12-11-2025.html,12/11/2025
273,Thứ 4,12/11/2025,13:00,"3,11,12,28,31",12,03 11 12 28 31 | ĐB 12,Loto_5/35,https://www.minhchinh.com/xs-lotto-535-ket-qua-lotto-535-ngay-12-11-2025.html,12/11/2025
272,Thứ 3,11/11/2025,21:00,"5,10,11,23,29",8,05 10 11 23 29 | ĐB 08,Loto_5/35,https://www.minhchinh.com/xs-lotto-535-ket-qua-lotto-535-ngay-11-11-2025.html,11/11/2025
271,Thứ 3,11/11/2025,13:00,"4,6,9,23,33",12,04 06 09 23 33 | ĐB 12,Loto_5/35,https://www.minhchinh.com/xs-lotto-535-ket-qua-lotto-535-ngay-11-11-2025.html,11/11/2025
270,Thứ 2,10/11/2025,21:00,"5,7,10,31,35",9,05 07 10 31 35 | ĐB 09,Loto_5/35,https://www.minhchinh.com/xs-lotto-535-ket-qua-lotto-535-ngay-10-11-2025.html,10/11/2025
269,Thứ 2,10/11/2025,13:00,"4,9,13,24,27",12,04 09 13 24 27 | ĐB 12,Loto_5/35,https://www.minhchinh.com/xs-lotto-535-ket-qua-lotto-535-ngay-10-11-2025.html,10/11/2025
268,Chủ Nhật,09/11/2025,21:00,"7,10,11,14,29",2,07 10 11 14 29 | ĐB 02,Loto_5/35,https://www.minhchinh.com/xs-lotto-535-ket-qua-lotto-535-ngay-09-11-2025.html,09/11/2025
267,Chủ Nhật,09/11/2025,13:00,"3,5,15,21,23",10,03 05 15 21 23 | ĐB 10,Loto_5/35,https://www.minhchinh.com/xs-lotto-535-ket-qua-lotto-535-ngay-09-11-2025.html,09/11/2025
266,Thứ 7,08/11/2025,21:00,"6,7,20,23,34",3,06 07 20 23 34 | ĐB 03,Loto_5/35,https://www.minhchinh.com/xs-lotto-535-ket-qua-lotto-535-ngay-08-11-2025.html,08/11/2025
265,Thứ 7,08/11/2025,13:00,"5,9,13,22,34",12,05 09 13 22 34 | ĐB 12,Loto_5/35,https://www.minhchinh.com/xs-lotto-535-ket-qua-lotto-535-ngay-08-11-2025.html,08/11/2025
264,Thứ 6,07/11/2025,21:00,"11,26,28,32,34",4,11 26 28 32 34 | ĐB 04,Loto_5/35,https://www.minhchinh.com/xs-lotto-535-ket-qua-lotto-535-ngay-07-11-2025.html,07/11/2025
263,Thứ 6,07/11/2025,13:00,"2,14,15,20,33",9,02 14 15 20 33 | ĐB 09,Loto_5/35,https://www.minhchinh.com/xs-lotto-535-ket-qua-lotto-535-ngay-07-11-2025.html,07/11/2025
262,Thứ 5,06/11/2025,21:00,"5,6,14,18,28",11,05 06 14 18 28 | ĐB 11,Loto_5/35,https://www.minhchinh.com/xs-lotto-535-ket-qua-lotto-535-ngay-06-11-2025.html,06/11/2025
261,Thứ 5,06/11/2025,13:00,"3,13,14,19,28",9,03 13 14 19 28 | ĐB 09,Loto_5/35,https://www.minhchinh.com/xs-lotto-535-ket-qua-lotto-535-ngay-06-11-2025.html,06/11/2025
260,Thứ 4,05/11/2025,21:00,"1,4,17,18,19",5,01 04 17 18 19 | ĐB 05,Loto_5/35,https://www.minhchinh.com/xs-lotto-535-ket-qua-lotto-535-ngay-05-11-2025.html,05/11/2025
259,Thứ 4,05/11/2025,13:00,"6,11,25,33,35",10,06 11 25 33 35 | ĐB 10,Loto_5/35,https://www.minhchinh.com/xs-lotto-535-ket-qua-lotto-535-ngay-05-11-2025.html,05/11/2025
258,Thứ 3,04/11/2025,21:00,"7,20,28,29,31",6,07 20 28 29 31 | ĐB 06,Loto_5/35,https://www.minhchinh.com/xs-lotto-535-ket-qua-lotto-535-ngay-04-11-2025.html,04/11/2025
257,Thứ 3,04/11/2025,13:00,"6,7,8,21,34",1,06 07 08 21 34 | ĐB 01,Loto_5/35,https://www.minhchinh.com/xs-lotto-535-ket-qua-lotto-535-ngay-04-11-2025.html,04/11/2025
256,Thứ 2,03/11/2025,21:00,"6,25,27,32,35",3,06 25 27 32 35 | ĐB 03,Loto_5/35,https://www.minhchinh.com/xs-lotto-535-ket-qua-lotto-535-ngay-03-11-2025.html,03/11/2025
255,Thứ 2,03/11/2025,13:00,"4,6,11,20,33",1,04 06 11 20 33 | ĐB 01,Loto_5/35,https://www.minhchinh.com/xs-lotto-535-ket-qua-lotto-535-ngay-03-11-2025.html,03/11/2025
254,Chủ Nhật,02/11/2025,21:00,"13,29,30,32,35",4,13 29 30 32 35 | ĐB 04,Loto_5/35,https://www.minhchinh.com/xs-lotto-535-ket-qua-lotto-535-ngay-02-11-2025.html,02/11/2025
253,Chủ Nhật,02/11/2025,13:00,"4,8,14,24,32",1,04 08 14 24 32 | ĐB 01,Loto_5/35,https://www.minhchinh.com/xs-lotto-535-ket-qua-lotto-535-ngay-02-11-2025.html,02/11/2025
252,Thứ 7,01/11/2025,21:00,"2,4,18,26,31",11,02 04 18 26 31 | ĐB 11,Loto_5/35,https://www.minhchinh.com/xs-lotto-535-ket-qua-lotto-535-ngay-01-11-2025.html,01/11/2025
251,Thứ 7,01/11/2025,13:00,"6,11,14,20,30",9,06 11 14 20 30 | ĐB 09,Loto_5/35,https://www.minhchinh.com/xs-lotto-535-ket-qua-lotto-535-ngay-01-11-2025.html,01/11/2025
250,Thứ 6,31/10/2025,21:00,"6,14,21,34,35",5,06 14 21 34 35 | ĐB 05,Loto_5/35,https://www.minhchinh.com/xs-lotto-535-ket-qua-lotto-535-ngay-31-10-2025.html,31/10/2025
249,Thứ 6,31/10/2025,13:00,"5,8,15,17,18",10,05 08 15 17 18 | ĐB 10,Loto_5/35,https://www.minhchinh.com/xs-lotto-535-ket-qua-lotto-535-ngay-31-10-2025.html,31/10/2025
248,Thứ 5,30/10/2025,21:00,"9,11,12,24,28",7,09 11 12 24 28 | ĐB 07,Loto_5/35,https://www.minhchinh.com/xs-lotto-535-ket-qua-lotto-535-ngay-30-10-2025.html,30/10/2025
247,Thứ 5,30/10/2025,13:00,"11,20,23,27,34",5,11 20 23 27 34 | ĐB 05,Loto_5/35,https://www.minhchinh.com/xs-lotto-535-ket-qua-lotto-535-ngay-30-10-2025.html,30/10/2025
246,Thứ 4,29/10/2025,21:00,"15,18,31,34,35",3,15 18 31 34 35 | ĐB 03,Loto_5/35,https://www.minhchinh.com/xs-lotto-535-ket-qua-lotto-535-ngay-29-10-2025.html,29/10/2025
245,Thứ 4,29/10/2025,13:00,"1,8,17,20,24",1,01 08 17 20 24 | ĐB 01,Loto_5/35,https://www.minhchinh.com/xs-lotto-535-ket-qua-lotto-535-ngay-29-10-2025.html,29/10/2025
244,Thứ 3,28/10/2025,21:00,"6,7,10,19,22",12,06 07 10 19 22 | ĐB 12,Loto_5/35,https://www.minhchinh.com/xs-lotto-535-ket-qua-lotto-535-ngay-28-10-2025.html,28/10/2025
243,Thứ 3,28/10/2025,13:00,"10,14,28,33,34",7,10 14 28 33 34 | ĐB 07,Loto_5/35,https://www.minhchinh.com/xs-lotto-535-ket-qua-lotto-535-ngay-28-10-2025.html,28/10/2025
242,Thứ 2,27/10/2025,21:00,"16,17,20,24,34",3,16 17 20 24 34 | ĐB 03,Loto_5/35,https://www.minhchinh.com/xs-lotto-535-ket-qua-lotto-535-ngay-27-10-2025.html,27/10/2025
241,Thứ 2,27/10/2025,13:00,"8,9,25,26,32",6,08 09 25 26 32 | ĐB 06,Loto_5/35,https://www.minhchinh.com/xs-lotto-535-ket-qua-lotto-535-ngay-27-10-2025.html,27/10/2025
240,Chủ Nhật,26/10/2025,21:00,"4,26,27,30,34",2,04 26 27 30 34 | ĐB 02,Loto_5/35,https://www.minhchinh.com/xs-lotto-535-ket-qua-lotto-535-ngay-26-10-2025.html,26/10/2025
239,Chủ Nhật,26/10/2025,13:00,"17,22,24,31,32",1,17 22 24 31 32 | ĐB 01,Loto_5/35,https://www.minhchinh.com/xs-lotto-535-ket-qua-lotto-535-ngay-26-10-2025.html,26/10/2025
238,Thứ 7,25/10/2025,21:00,"12,14,25,28,31",5,12 14 25 28 31 | ĐB 05,Loto_5/35,https://www.minhchinh.com/xs-lotto-535-ket-qua-lotto-535-ngay-25-10-2025.html,25/10/2025
237,Thứ 7,25/10/2025,13:00,"1,10,14,19,25",4,01 10 14 19 25 | ĐB 04,Loto_5/35,https://www.minhchinh.com/xs-lotto-535-ket-qua-lotto-535-ngay-25-10-2025.html,25/10/2025
236,Thứ 6,24/10/2025,21:00,"5,11,21,22,33",11,05 11 21 22 33 | ĐB 11,Loto_5/35,https://www.minhchinh.com/xs-lotto-535-ket-qua-lotto-535-ngay-24-10-2025.html,24/10/2025
235,Thứ 6,24/10/2025,13:00,"2,4,11,15,20",6,02 04 11 15 20 | ĐB 06,Loto_5/35,https://www.minhchinh.com/xs-lotto-535-ket-qua-lotto-535-ngay-24-10-2025.html,24/10/2025
234,Thứ 5,23/10/2025,21:00,"3,7,24,25,34",6,03 07 24 25 34 | ĐB 06,Loto_5/35,https://www.minhchinh.com/xs-lotto-535-ket-qua-lotto-535-ngay-23-10-2025.html,23/10/2025
233,Thứ 5,23/10/2025,13:00,"6,10,11,12,30",4,06 10 11 12 30 | ĐB 04,Loto_5/35,https://www.minhchinh.com/xs-lotto-535-ket-qua-lotto-535-ngay-23-10-2025.html,23/10/2025
232,Thứ 4,22/10/2025,21:00,"6,11,15,25,26",6,06 11 15 25 26 | ĐB 06,Loto_5/35,https://www.minhchinh.com/xs-lotto-535-ket-qua-lotto-535-ngay-22-10-2025.html,22/10/2025
231,Thứ 4,22/10/2025,13:00,"7,12,20,32,34",7,07 12 20 32 34 | ĐB 07,Loto_5/35,https://www.minhchinh.com/xs-lotto-535-ket-qua-lotto-535-ngay-22-10-2025.html,22/10/2025
230,Thứ 3,21/10/2025,21:00,"3,14,20,21,23",1,03 14 20 21 23 | ĐB 01,Loto_5/35,https://www.minhchinh.com/xs-lotto-535-ket-qua-lotto-535-ngay-21-10-2025.html,21/10/2025
229,Thứ 3,21/10/2025,13:00,"1,14,20,31,32",3,01 14 20 31 32 | ĐB 03,Loto_5/35,https://www.minhchinh.com/xs-lotto-535-ket-qua-lotto-535-ngay-21-10-2025.html,21/10/2025
228,Thứ 2,20/10/2025,21:00,"2,12,21,24,35",2,02 12 21 24 35 | ĐB 02,Loto_5/35,https://www.minhchinh.com/xs-lotto-535-ket-qua-lotto-535-ngay-20-10-2025.html,20/10/2025
227,Thứ 2,20/10/2025,13:00,"17,19,29,31,35",11,17 19 29 31 35 | ĐB 11,Loto_5/35,https://www.minhchinh.com/xs-lotto-535-ket-qua-lotto-535-ngay-20-10-2025.html,20/10/2025
226,Chủ Nhật,19/10/2025,21:00,"2,7,22,33,34",5,02 07 22 33 34 | ĐB 05,Loto_5/35,https://www.minhchinh.com/xs-lotto-535-ket-qua-lotto-535-ngay-19-10-2025.html,19/10/2025
225,Chủ Nhật,19/10/2025,13:00,"7,12,23,30,35",4,07 12 23 30 35 | ĐB 04,Loto_5/35,https://www.minhchinh.com/xs-lotto-535-ket-qua-lotto-535-ngay-19-10-2025.html,19/10/2025
224,Thứ 7,18/10/2025,21:00,"2,4,16,28,30",6,02 04 16 28 30 | ĐB 06,Loto_5/35,https://www.minhchinh.com/xs-lotto-535-ket-qua-lotto-535-ngay-18-10-2025.html,18/10/2025
223,Thứ 7,18/10/2025,13:00,"6,8,13,24,25",3,06 08 13 24 25 | ĐB 03,Loto_5/35,https://www.minhchinh.com/xs-lotto-535-ket-qua-lotto-535-ngay-18-10-2025.html,18/10/2025
222,Thứ 6,17/10/2025,21:00,"20,23,25,28,34",7,20 23 25 28 34 | ĐB 07,Loto_5/35,https://www.minhchinh.com/xs-lotto-535-ket-qua-lotto-535-ngay-17-10-2025.html,17/10/2025
221,Thứ 6,17/10/2025,13:00,"18,25,26,34,35",7,18 25 26 34 35 | ĐB 07,Loto_5/35,https://www.minhchinh.com/xs-lotto-535-ket-qua-lotto-535-ngay-17-10-2025.html,17/10/2025
220,Thứ 5,16/10/2025,21:00,"10,19,21,29,32",4,10 19 21 29 32 | ĐB 04,Loto_5/35,https://www.minhchinh.com/xs-lotto-535-ket-qua-lotto-,
219,Thứ 5,16/10/2025,13:00,"1,9,12,20,23",1,01 09 12 20 23 | ĐB 01,Loto_5/35,https://www.minhchinh.com/xs-lotto-535-ket-qua-lotto-535-ngay-16-10-2025.html,16/10/2025
218,Thứ 4,15/10/2025,21:00,"2,4,21,30,34",11,02 04 21 30 34 | ĐB 11,Loto_5/35,https://www,
217,Thứ 4,15/10/2025,13:00,"1,4,14,15,32",8,01 04 14 15 32 | ĐB 08,Loto_5/35,https://www.minhchinh.com/xs-lotto-535-ket-qua-lotto-535-ngay-15-10-2025.html,15/10/2025
216,Thứ 3,14/10/2025,21:00,"1,18,21,23,26",11,01 18 21 23 26 | ĐB 11,Loto_5/35,https://www.minhchinh.com/xs-lotto-535-ket-qua-lotto-535-ngay-14-10-2025.html,14/10/2025
215,Thứ 3,14/10/2025,13:00,"7,12,14,20,28",4,07 12 14 20 28 | ĐB 04,Loto_5/35,https://www.minhchinh.com/xs-lotto-535-ket-qua-lotto-535-ngay-14-10-2025.html,14/10/2025
214,Thứ 2,13/10/2025,21:00,"16,19,25,26,32",11,16 19 25 26 32 | ĐB 11,Loto_5/35,https://www.minhchinh.com/xs-lotto-535-ket-qua-lotto-535-ngay-13-10-2025.html,13/10/2025
213,Thứ 2,13/10/2025,13:00,"2,17,32,33,34",3,02 17 32 33 34 | ĐB 03,Loto_5/35,https://www.minhchinh.com/xs-lotto-535-ket-qua-lotto-535-ngay-13-10-2025.html,13/10/2025
212,Chủ Nhật,12/10/2025,21:00,"8,15,28,33,34",9,08 15 28 33 34 | ĐB 09,Loto_5/35,https://www.minhchinh.com/xs-lotto-535-ket-qua-lotto-535-ngay-12-10-2025.html,12/10/2025
211,Chủ Nhật,12/10/2025,13:00,"8,15,22,26,28",11,08 15 22 26 28 | ĐB 11,Loto_5/35,https://www.minhchinh.com/xs-lotto-535-ket-qua-lotto-535-ngay-12-10-2025.html,12/10/2025
210,Thứ 7,11/10/2025,21:00,"13,16,21,22,23",4,13 16 21 22 23 | ĐB 04,Loto_5/35,https://www.minhchinh.com/xs-lotto-535-ket-qua-lotto-535-ngay-11-10-2025.html,11/10/2025
209,Thứ 7,11/10/2025,13:00,"2,18,19,29,32",7,02 18 19 29 32 | ĐB 07,Loto_5/35,https://www.minhchinh.com/xs-lotto-535-ket-qua-lotto-535-ngay-11-10-2025.html,11/10/2025
208,Thứ 6,10/10/2025,21:00,"1,5,16,22,26",4,01 05 16 22 26 | ĐB 04,Loto_5/35,https://www.minhchinh.com/xs-lotto-535-ket-qua-lotto-535-ngay-10-10-2025.html,10/10/2025
207,Thứ 6,10/10/2025,13:00,"3,10,13,24,31",10,03 10 13 24 31 | ĐB 10,Loto_5/35,https://www.minhchinh.com/xs-lotto-535-ket-qua-lotto-535-ngay-10-10-2025.html,10/10/2025
206,Thứ 5,09/10/2025,21:00,"3,7,10,13,14",8,03 07 10 13 14 | ĐB 08,Loto_5/35,https://www.minhchinh.com/xs-lotto-535-ket-qua-lotto-535-ngay-09-10-2025.html,09/10/2025
205,Thứ 5,09/10/2025,13:00,"7,21,24,25,28",3,07 21 24 25 28 | ĐB 03,Loto_5/35,https://www.minhchinh.com/xs-lotto-535-ket-qua-lotto-535-ngay-09-10-2025.html,09/10/2025
204,Thứ 4,08/10/2025,21:00,"10,13,28,31,34",12,10 13 28 31 34 | ĐB 12,Loto_5/35,https://www.minhchinh.com/xs-lotto-535-ket-qua-lotto-535-ngay-08-10-2025.html,08/10/2025
203,Thứ 4,08/10/2025,13:00,"1,7,8,28,34",11,01 07 08 28 34 | ĐB 11,Loto_5/35,https://www.minhchinh.com/xs-lotto-535-ket-qua-lotto-535-ngay-08-10-2025.html,08/10/2025
202,Thứ 3,07/10/2025,21:00,"3,13,19,23,25",12,03 13 19 23 25 | ĐB 12,Loto_5/35,https://www.minhchinh.com/xs-lotto-535-ket-qua-lotto-535-ngay-07-10-2025.html,07/10/2025
201,Thứ 3,07/10/2025,13:00,"2,16,17,30,33",7,02 16 17 30 33 | ĐB 07,Loto_5/35,https://www.minhchinh.com/xs-lotto-535-ket-qua-lotto-535-ngay-07-10-2025.html,07/10/2025
200,Thứ 2,06/10/2025,21:00,"7,18,22,23,33",10,07 18 22 23 33 | ĐB 10,Loto_5/35,https://www.minhchinh.com/xs-lotto-535-ket-qua-lotto-535-ngay-06-10-2025.html,06/10/2025
199,Thứ 2,06/10/2025,13:00,"3,4,9,11,21",5,03 04 09 11 21 | ĐB 05,Loto_5/35,https://www.minhchinh.com/xs-lotto-535-ket-qua-lotto-535-ngay-06-10-2025.html,06/10/2025
198,Chủ Nhật,05/10/2025,21:00,"17,18,20,21,34",12,17 18 20 21 34 | ĐB 12,Loto_5/35,https://www.minhchinh.com/xs-lotto-535-ket-qua-lotto-535-ngay-05-10-2025.html,05/10/2025
197,Chủ Nhật,05/10/2025,13:00,"8,9,22,32,33",12,08 09 22 32 33 | ĐB 12,Loto_5/35,https://www.minhchinh.com/xs-lotto-535-ket-qua-lotto-535-ngay-05-10-2025.html,05/10/2025
196,Thứ 7,04/10/2025,21:00,"2,11,20,26,28",4,02 11 20 26 28 | ĐB 04,Loto_5/35,https://www.minhchinh.com/xs-lotto-535-ket-qua-lotto-535-ngay-04-10-2025.html,04/10/2025
195,Thứ 7,04/10/2025,13:00,"21,23,26,27,28",6,21 23 26 27 28 | ĐB 06,Loto_5/35,https://www.minhchinh.com/xs-lotto-535-ket-qua-lotto-535-ngay-04-10-2025.html,04/10/2025
194,Thứ 6,03/10/2025,21:00,"1,11,22,31,33",10,01 11 22 31 33 | ĐB 10,Loto_5/35,https://www.minhchinh.com/xs-lotto-535-ket-qua-lotto-535-ngay-03-10-2025.html,03/10/2025
193,Thứ 6,03/10/2025,13:00,"6,7,8,10,33",1,06 07 08 10 33 | ĐB 01,Loto_5/35,https://www.minhchinh.com/xs-lotto-535-ket-qua-lotto-535-ngay-03-10-2025.html,03/10/2025
192,Thứ 5,02/10/2025,21:00,"8,9,14,27,35",11,08 09 14 27 35 | ĐB 11,Loto_5/35,https://www.minhchinh.com/xs-lotto-535-ket-qua-lotto-535-ngay-02-10-2025.html,02/10/2025
191,Thứ 5,02/10/2025,13:00,"19,22,26,27,33",5,19 22 26 27 33 | ĐB 05,Loto_5/35,https://www.minhchinh.com/xs-lotto-535-ket-qua-lotto-535-ngay-02-10-2025.html,02/10/2025
190,Thứ 4,01/10/2025,21:00,"6,24,27,33,34",8,06 24 27 33 34 | ĐB 08,Loto_5/35,https://www.minhchinh.com/xs-lotto-535-ket-qua-lotto-535-ngay-01-10-2025.html,01/10/2025
189,Thứ 4,01/10/2025,13:00,"2,9,14,15,35",8,02 09 14 15 35 | ĐB 08,Loto_5/35,https://www.minhchinh.com/xs-lotto-535-ket-qua-lotto-535-ngay-01-10-2025.html,01/10/2025
188,Thứ 3,30/09/2025,21:00,"13,16,19,20,31",11,13 16 19 20 31 | ĐB 11,Loto_5/35,https://www.minhchinh.com/xs-lotto-535-ket-qua-lotto-535-ngay-30-09-2025.html,30/09/2025
187,Thứ 3,30/09/2025,13:00,"3,5,8,23,29",1,03 05 08 23 29 | ĐB 01,Loto_5/35,https://www.minhchinh.com/xs-lotto-535-ket-qua-lotto-535-ngay-30-09-2025.html,30/09/2025
186,Thứ 2,29/09/2025,21:00,"15,18,21,27,33",6,15 18 21 27 33 | ĐB 06,Loto_5/35,https://www.minhchinh.com/xs-lotto-535-ket-qua-lotto-535-ngay-29-09-2025.html,29/09/2025
185,Thứ 2,29/09/2025,13:00,"6,15,17,23,25",5,06 15 17 23 25 | ĐB 05,Loto_5/35,https://www.minhchinh.com/xs-lotto-535-ket-qua-lotto-535-ngay-29-09-2025.html,29/09/2025
184,Chủ Nhật,28/09/2025,21:00,"10,31,33,34,35",10,10 31 33 34 35 | ĐB 10,Loto_5/35,https://www.minhchinh.com/xs-lotto-535-ket-qua-lotto-535-ngay-28-09-2025.html,28/09/2025
183,Chủ Nhật,28/09/2025,13:00,"4,7,10,15,30",7,04 07 10 15 30 | ĐB 07,Loto_5/35,https://www.minhchinh.com/xs-lotto-535-ket-qua-lotto-535-ngay-28-09-2025.html,28/09/2025
182,Thứ 7,27/09/2025,21:00,"3,9,21,22,25",11,03 09 21 22 25 | ĐB 11,Loto_5/35,https://www.minhchinh.com/xs-lotto-535-ket-qua-lotto-535-ngay-27-09-2025.html,27/09/2025
181,Thứ 7,27/09/2025,13:00,"6,18,19,21,23",7,06 18 19 21 23 | ĐB 07,Loto_5/35,https://www.minhchinh.com/xs-lotto-535-ket-qua-lotto-535-ngay-27-09-2025.html,27/09/2025
180,Thứ 6,26/09/2025,21:00,"10,21,28,31,33",7,10 21 28 31 33 | ĐB 07,Loto_5/35,https://www.minhchinh.com/xs-lotto-535-ket-qua-lotto-535-ngay-26-09-2025.html,26/09/2025
179,Thứ 6,26/09/2025,13:00,"10,12,15,17,22",8,10 12 15 17 22 | ĐB 08,Loto_5/35,https://www.minhchinh.com/xs-lotto-535-ket-qua-lotto-535-ngay-26-09-2025.html,26/09/2025
178,Thứ 5,25/09/2025,21:00,"5,14,21,22,27",8,05 14 21 22 27 | ĐB 08,Loto_5/35,https://www.minhchinh.com/xs-lotto-535-ket-qua-lotto-535-ngay-25-09-2025.html,25/09/2025
177,Thứ 5,25/09/2025,13:00,"1,3,14,22,28",6,01 03 14 22 28 | ĐB 06,Loto_5/35,https://www.minhchinh.com/xs-lotto-535-ket-qua-lotto-535-ngay-25-09-2025.html,25/09/2025
176,Thứ 4,24/09/2025,21:00,"3,12,13,19,28",2,03 12 13 19 28 | ĐB 02,Loto_5/35,https://www.minhchinh.com/xs-lotto-535-ket-qua-lotto-535-ngay-24-09-2025.html,24/09/2025
175,Thứ 4,24/09/2025,13:00,"8,11,15,18,28",2,08 11 15 18 28 | ĐB 02,Loto_5/35,https://www.minhchinh.com/xs-lotto-535-ket-qua-lotto-535-ngay-24-09-2025.html,24/09/2025
174,Thứ 3,23/09/2025,21:00,"9,16,17,20,24",8,09 16 17 20 24 | ĐB 08,Loto_5/35,https://www.minhchinh.com/xs-lotto-535-ket-qua-lotto-535-ngay-23-09-2025.html,23/09/2025
173,Thứ 3,23/09/2025,13:00,"1,2,3,10,11",4,01 02 03 10 11 | ĐB 04,Loto_5/35,https://www.minhchinh.com/xs-lotto-535-ket-qua-lotto-535-ngay-23-09-2025.html,23/09/2025
172,Thứ 2,22/09/2025,21:00,"6,9,20,25,31",7,06 09 20 25 31 | ĐB 07,Loto_5/35,https://www.minhchinh.com/xs-lotto-535-ket-qua-lotto-535-ngay-22-09-2025.html,22/09/2025
171,Thứ 2,22/09/2025,13:00,"5,15,26,30,34",5,05 15 26 30 34 | ĐB 05,Loto_5/35,https://www.minhchinh.com/xs-lotto-535-ket-qua-lotto-535-ngay-22-09-2025.html,22/09/2025
170,Chủ Nhật,21/09/2025,21:00,"3,12,20,21,29",5,03 12 20 21 29 | ĐB 05,Loto_5/35,https://www.minhchinh.com/xs-lotto-535-ket-qua-lotto-535-ngay-21-09-2025.html,21/09/2025
169,Chủ Nhật,21/09/2025,13:00,"5,13,15,22,23",4,05 13 15 22 23 | ĐB 04,Loto_5/35,https://www.minhchinh.com/xs-lotto-535-ket-qua-lotto-535-ngay-21-09-2025.html,21/09/2025
168,Thứ 7,20/09/2025,21:00,"3,4,8,18,31",7,03 04 08 18 31 | ĐB 07,Loto_5/35,https://www.minhchinh.com/xs-lotto-535-ket-qua-lotto-535-ngay-20-09-2025.html,20/09/2025
167,Thứ 7,20/09/2025,13:00,"3,14,20,23,35",6,03 14 20 23 35 | ĐB 06,Loto_5/35,https://www.minhchinh.com/xs-lotto-535-ket-qua-lotto-535-ngay-20-09-2025.html,20/09/2025
166,Thứ 6,19/09/2025,21:00,"11,18,20,24,25",8,11 18 20 24 25 | ĐB 08,Loto_5/35,https://www.minhchinh.com/xs-lotto-535-ket-qua-lotto-535-ngay-19-09-2025.html,19/09/2025
165,Thứ 6,19/09/2025,13:00,"10,27,29,30,34",10,10 27 29 30 34 | ĐB 10,Loto_5/35,https://www.minhchinh.com/xs-lotto-535-ket-qua-lotto-535-ngay-19-09-2025.html,19/09/2025
164,Thứ 5,18/09/2025,21:00,"8,10,14,23,25",4,08 10 14 23 25 | ĐB 04,Loto_5/35,https://www.minhchinh.com/xs-lotto-535-ket-qua-lotto-535-ngay-18-09-2025.html,18/09/2025
163,Thứ 5,18/09/2025,13:00,"11,13,15,17,30",6,11 13 15 17 30 | ĐB 06,Loto_5/35,https://www.minhchinh.com/xs-lotto-535-ket-qua-lotto-535-ngay-18-09-2025.html,18/09/2025
162,Thứ 4,17/09/2025,21:00,"1,13,14,15,21",8,01 13 14 15 21 | ĐB 08,Loto_5/35,https://www.minhchinh.com/xs-lotto-535-ket-qua-lotto-535-ngay-17-09-2025.html,17/09/2025
161,Thứ 4,17/09/2025,13:00,"1,12,14,19,20",7,01 12 14 19 20 | ĐB 07,Loto_5/35,https://www.minhchinh.com/xs-lotto-535-ket-qua-lotto-535-ngay-17-09-2025.html,17/09/2025
160,Thứ 3,16/09/2025,21:00,"3,10,13,22,28",3,03 10 13 22 28 | ĐB 03,Loto_5/35,https://www.minhchinh.com/xs-lotto-535-ket-qua-lotto-535-ngay-16-09-2025.html,16/09/2025
159,Thứ 3,16/09/2025,13:00,"8,14,16,19,29",7,08 14 16 19 29 | ĐB 07,Loto_5/35,https://www.minhchinh.com/xs-lotto-535-ket-qua-lotto-535-ngay-16-09-2025.html,16/09/2025
158,Thứ 2,15/09/2025,21:00,"11,16,20,27,32",2,11 16 20 27 32 | ĐB 02,Loto_5/35,https://www.minhchinh.com/xs-lotto-535-ket-qua-lotto-535-ngay-15-09-2025.html,15/09/2025
157,Thứ 2,15/09/2025,13:00,"1,11,16,25,29",7,01 11 16 25 29 | ĐB 07,Loto_5/35,https://www.minhchinh.com/xs-lotto-535-ket-qua-lotto-535-ngay-15-09-2025.html,15/09/2025
156,Chủ Nhật,14/09/2025,21:00,"6,10,11,12,27",4,06 10 11 12 27 | ĐB 04,Loto_5/35,https://www.minhchinh.com/xs-lotto-535-ket-qua-lotto-535-ngay-14-09-2025.html,14/09/2025
155,Chủ Nhật,14/09/2025,13:00,"1,6,7,11,31",3,01 06 07 11 31 | ĐB 03,Loto_5/35,https://www.minhchinh.com/xs-lotto-535-ket-qua-lotto-535-ngay-14-09-2025.html,14/09/2025
154,Thứ 7,13/09/2025,21:00,"2,6,28,29,31",12,02 06 28 29 31 | ĐB 12,Loto_5/35,https://www.minhchinh.com/xs-lotto-535-ket-qua-lotto-535-ngay-13-09-2025.html,13/09/2025
153,Thứ 7,13/09/2025,13:00,"3,19,26,33,34",8,03 19 26 33 34 | ĐB 08,Loto_5/35,https://www.minhchinh.com/xs-lotto-535-ket-qua-lotto-535-ngay-13-09-2025.html,13/09/2025
152,Thứ 6,12/09/2025,21:00,"2,6,7,24,28",1,02 06 07 24 28 | ĐB 01,Loto_5/35,https://www.minhchinh.com/xs-lotto-535-ket-qua-lotto-535-ngay-12-09-2025.html,12/09/2025
151,Thứ 6,12/09/2025,13:00,"15,17,19,20,34",3,15 17 19 20 34 | ĐB 03,Loto_5/35,https://www.minhchinh.com/xs-lotto-535-ket-qua-lotto-535-ngay-12-09-2025.html,12/09/2025
150,Thứ 5,11/09/2025,21:00,"13,22,25,30,31",9,13 22 25 30 31 | ĐB 09,Loto_5/35,https://www.minhchinh.com/xs-lotto-535-ket-qua-lotto-535-ngay-11-09-2025.html,11/09/2025
149,Thứ 5,11/09/2025,13:00,"1,6,25,28,30",2,01 06 25 28 30 | ĐB 02,Loto_5/35,https://www.minhchinh.com/xs-lotto-535-ket-qua-lotto-535-ngay-11-09-2025.html,11/09/2025
148,Thứ 4,10/09/2025,21:00,"4,13,16,23,29",11,04 13 16 23 29 | ĐB 11,Loto_5/35,https://www.minhchinh.com/xs-lotto-535-ket-qua-lotto-535-ngay-10-09-2025.html,10/09/2025
147,Thứ 4,10/09/2025,13:00,"6,13,14,23,29",6,06 13 14 23 29 | ĐB 06,Loto_5/35,https://www.minhchinh.com/xs-lotto-535-ket-qua-lotto-535-ngay-10-09-2025.html,10/09/2025
146,Thứ 3,09/09/2025,21:00,"11,15,19,27,33",1,11 15 19 27 33 | ĐB 01,Loto_5/35,https://www.minhchinh.com/xs-lotto-535-ket-qua-lotto-535-ngay-09-09-2025.html,09/09/2025
145,Thứ 3,09/09/2025,13:00,"3,4,21,26,33",5,03 04 21 26 33 | ĐB 05,Loto_5/35,https://www.minhchinh.com/xs-lotto-535-ket-qua-lotto-535-ngay-09-09-2025.html,09/09/2025
144,Thứ 2,08/09/2025,21:00,"17,18,19,22,34",3,17 18 19 22 34 | ĐB 03,Loto_5/35,https://www.minhchinh.com/xs-lotto-535-ket-qua-lotto-535-ngay-08-09-2025.html,08/09/2025
143,Thứ 2,08/09/2025,13:00,"11,14,19,21,25",2,11 14 19 21 25 | ĐB 02,Loto_5/35,https://www.minhchinh.com/xs-lotto-535-ket-qua-lotto-535-ngay-08-09-2025.html,08/09/2025
142,Chủ Nhật,07/09/2025,21:00,"21,25,26,29,30",9,21 25 26 29 30 | ĐB 09,Loto_5/35,https://www.minhchinh.com/xs-lotto-535-ket-qua-lotto-535-ngay-07-09-2025.html,07/09/2025
141,Chủ Nhật,07/09/2025,13:00,"1,3,10,14,15",7,01 03 10 14 15 | ĐB 07,Loto_5/35,https://www.minhchinh.com/xs-lotto-535-ket-qua-lotto-535-ngay-07-09-2025.html,07/09/2025
140,Thứ 7,06/09/2025,21:00,"5,7,29,32,33",12,05 07 29 32 33 | ĐB 12,Loto_5/35,https://www.minhchinh.com/xs-lotto-535-ket-qua-lotto-535-ngay-06-09-2025.html,06/09/2025
139,Thứ 7,06/09/2025,13:00,"7,11,13,27,34",4,07 11 13 27 34 | ĐB 04,Loto_5/35,https://www.minhchinh.com/xs-lotto-535-ket-qua-lotto-535-ngay-06-09-2025.html,06/09/2025
138,Thứ 6,05/09/2025,21:00,"6,15,17,20,30",10,06 15 17 20 30 | ĐB 10,Loto_5/35,https://www.minhchinh.com/xs-lotto-535-ket-qua-lotto-535-ngay-05-09-2025.html,05/09/2025
137,Thứ 6,05/09/2025,13:00,"1,4,20,23,35",11,01 04 20 23 35 | ĐB 11,Loto_5/35,https://www.minhchinh.com/xs-lotto-535-ket-qua-lotto-535-ngay-05-09-2025.html,05/09/2025
136,Thứ 5,04/09/2025,21:00,"4,5,27,28,30",5,04 05 27 28 30 | ĐB 05,Loto_5/35,https://www.minhchinh.com/xs-lotto-535-ket-qua-lotto-535-ngay-04-09-2025.html,04/09/2025
135,Thứ 5,04/09/2025,13:00,"12,17,23,26,29",12,12 17 23 26 29 | ĐB 12,Loto_5/35,https://www.minhchinh.com/xs-lotto-535-ket-qua-lotto-535-ngay-04-09-2025.html,04/09/2025
134,Thứ 4,03/09/2025,21:00,"1,5,10,21,30",3,01 05 10 21 30 | ĐB 03,Loto_5/35,https://www.minhchinh.com/xs-lotto-535-ket-qua-lotto-535-ngay-03-09-2025.html,03/09/2025
133,Thứ 4,03/09/2025,13:00,"1,6,9,17,26",4,01 06 09 17 26 | ĐB 04,Loto_5/35,https://www.minhchinh.com/xs-lotto-535-ket-qua-lotto-535-ngay-03-09-2025.html,03/09/2025
132,Thứ 3,02/09/2025,21:00,"5,9,12,32,35",1,05 09 12 32 35 | ĐB 01,Loto_5/35,https://www.minhchinh.com/xs-lotto-535-ket-qua-lotto-535-ngay-02-09-2025.html,02/09/2025
131,Thứ 3,02/09/2025,13:00,"1,10,12,22,31",2,01 10 12 22 31 | ĐB 02,Loto_5/35,https://www.minhchinh.com/xs-lotto-535-ket-qua-lotto-535-ngay-02-09-2025.html,02/09/2025
130,Thứ 2,01/09/2025,21:00,"5,7,10,21,30",7,05 07 10 21 30 | ĐB 07,Loto_5/35,https://www.minhchinh.com/xs-lotto-535-ket-qua-lotto-535-ngay-01-09-2025.html,01/09/2025
129,Thứ 2,01/09/2025,13:00,"9,22,24,30,35",7,09 22 24 30 35 | ĐB 07,Loto_5/35,https://www.minhchinh.com/xs-lotto-535-ket-qua-lotto-535-ngay-01-09-2025.html,01/09/2025
128,Chủ Nhật,31/08/2025,21:00,"2,10,22,23,31",12,02 10 22 23 31 | ĐB 12,Loto_5/35,https://www.minhchinh.com/xs-lotto-535-ket-qua-lotto-535-ngay-31-08-2025.html,31/08/2025
127,Chủ Nhật,31/08/2025,13:00,"1,8,19,21,30",11,01 08 19 21 30 | ĐB 11,Loto_5/35,https://www.minhchinh.com/xs-lotto-535-ket-qua-lotto-535-ngay-31-08-2025.html,31/08/2025
126,Thứ 7,30/08/2025,21:00,"4,6,14,15,20",9,04 06 14 15 20 | ĐB 09,Loto_5/35,https://www.minhchinh.com/xs-lotto-535-ket-qua-lotto-535-ngay-30-08-2025.html,30/08/2025
125,Thứ 7,30/08/2025,13:00,"7,11,18,20,27",10,07 11 18 20 27 | ĐB 10,Loto_5/35,https://www.minhchinh.com/xs-lotto-535-ket-qua-lotto-535-ngay-30-08-2025.html,30/08/2025
124,Thứ 6,29/08/2025,21:00,"9,12,13,19,25",8,09 12 13 19 25 | ĐB 08,Loto_5/35,https://www.minhchinh.com/xs-lotto-535-ket-qua-lotto-535-ngay-29-08-2025.html,29/08/2025
123,Thứ 6,29/08/2025,13:00,"8,10,21,27,31",5,08 10 21 27 31 | ĐB 05,Loto_5/35,https://www.minhchinh.com/xs-lotto-535-ket-qua-lotto-535-ngay-29-08-2025.html,29/08/2025
122,Thứ 5,28/08/2025,21:00,"1,4,17,18,28",5,01 04 17 18 28 | ĐB 05,Loto_5/35,https://www.minhchinh.com/xs-lotto-535-ket-qua-lotto-535-ngay-28-08-2025.html,28/08/2025
121,Thứ 5,28/08/2025,13:00,"3,18,19,23,30",7,03 18 19 23 30 | ĐB 07,Loto_5/35,https://www.minhchinh.com/xs-lotto-535-ket-qua-lotto-535-ngay-28-08-2025.html,28/08/2025
120,Thứ 4,27/08/2025,21:00,"2,9,10,24,30",5,02 09 10 24 30 | ĐB 05,Loto_5/35,https://www.minhchinh.com/xs-lotto-535-ket-qua-lotto-535-ngay-27-08-2025.html,27/08/2025
119,Thứ 4,27/08/2025,13:00,"7,11,17,22,35",8,07 11 17 22 35 | ĐB 08,Loto_5/35,https://www.minhchinh.com/xs-lotto-535-ket-qua-lotto-535-ngay-27-08-2025.html,27/08/2025
118,Thứ 3,26/08/2025,21:00,"7,11,26,34,35",9,07 11 26 34 35 | ĐB 09,Loto_5/35,https://www.minhchinh.com/xs-lotto-535-ket-qua-lotto-535-ngay-26-08-2025.html,26/08/2025
117,Thứ 3,26/08/2025,13:00,"13,20,25,27,30",11,13 20 25 27 30 | ĐB 11,Loto_5/35,https://www.minhchinh.com/xs-lotto-535-ket-qua-lotto-535-ngay-26-08-2025.html,26/08/2025
116,Thứ 2,25/08/2025,21:00,"2,15,19,25,34",6,02 15 19 25 34 | ĐB 06,Loto_5/35,https://www.minhchinh.com/xs-lotto-535-ket-qua-lotto-535-ngay-25-08-2025.html,25/08/2025
115,Thứ 2,25/08/2025,13:00,"1,7,14,25,26",1,01 07 14 25 26 | ĐB 01,Loto_5/35,https://www.minhchinh.com/xs-lotto-535-ket-qua-lotto-535-ngay-25-08-2025.html,25/08/2025
114,Chủ Nhật,24/08/2025,21:00,"4,12,25,29,34",12,04 12 25 29 34 | ĐB 12,Loto_5/35,https://www.minhchinh.com/xs-lotto-535-ket-qua-lotto-535-ngay-24-08-2025.html,24/08/2025
113,Chủ Nhật,24/08/2025,13:00,"8,9,21,23,30",12,08 09 21 23 30 | ĐB 12,Loto_5/35,https://www.minhchinh.com/xs-lotto-535-ket-qua-lotto-535-ngay-24-08-2025.html,24/08/2025
112,Thứ 7,23/08/2025,21:00,"6,11,16,17,29",7,06 11 16 17 29 | ĐB 07,Loto_5/35,https://www.minhchinh.com/xs-lotto-535-ket-qua-lotto-535-ngay-23-08-2025.html,23/08/2025
111,Thứ 7,23/08/2025,13:00,"4,13,14,26,30",8,04 13 14 26 30 | ĐB 08,Loto_5/35,https://www.minhchinh.com/xs-lotto-535-ket-qua-lotto-535-ngay-23-08-2025.html,23/08/2025
110,Thứ 6,22/08/2025,21:00,"16,20,23,28,31",2,16 20 23 28 31 | ĐB 02,Loto_5/35,https://www.minhchinh.com/xs-lotto-535-ket-qua-lotto-535-ngay-22-08-2025.html,22/08/2025
109,Thứ 6,22/08/2025,13:00,"8,9,32,33,34",2,08 09 32 33 34 | ĐB 02,Loto_5/35,https://www.minhchinh.com/xs-lotto-535-ket-qua-lotto-535-ngay-22-08-2025.html,22/08/2025
108,Thứ 5,21/08/2025,21:00,"9,13,18,24,29",2,09 13 18 24 29 | ĐB 02,Loto_5/35,https://www.minhchinh.com/xs-lotto-535-ket-qua-lotto-535-ngay-21-08-2025.html,21/08/2025
107,Thứ 5,21/08/2025,13:00,"2,4,13,15,26",1,02 04 13 15 26 | ĐB 01,Loto_5/35,https://www.minhchinh.com/xs-lotto-535-ket-qua-lotto-535-ngay-21-08-2025.html,21/08/2025
106,Thứ 4,20/08/2025,21:00,"3,6,18,25,35",12,03 06 18 25 35 | ĐB 12,Loto_5/35,https://www.minhchinh.com/xs-lotto-535-ket-qua-lotto-535-ngay-20-08-2025.html,20/08/2025
105,Thứ 4,20/08/2025,13:00,"5,10,15,24,25",7,05 10 15 24 25 | ĐB 07,Loto_5/35,https://www.minhchinh.com/xs-lotto-535-ket-qua-lotto-535-ngay-20-08-2025.html,20/08/2025
104,Thứ 3,19/08/2025,21:00,"14,20,22,28,32",6,14 20 22 28 32 | ĐB 06,Loto_5/35,https://www.minhchinh.com/xs-lotto-535-ket-qua-lotto-535-ngay-19-08-2025.html,19/08/2025
103,Thứ 3,19/08/2025,13:00,"3,10,24,30,33",4,03 10 24 30 33 | ĐB 04,Loto_5/35,https://www.minhchinh.com/xs-lotto-535-ket-qua-lotto-535-ngay-19-08-2025.html,19/08/2025
102,Thứ 2,18/08/2025,21:00,"5,10,15,20,28",12,05 10 15 20 28 | ĐB 12,Loto_5/35,https://www.minhchinh.com/xs-lotto-535-ket-qua-lotto-535-ngay-18-08-2025.html,18/08/2025
101,Thứ 2,18/08/2025,13:00,"1,4,17,33,34",6,01 04 17 33 34 | ĐB 06,Loto_5/35,https://www.minhchinh.com/xs-lotto-535-ket-qua-lotto-535-ngay-18-08-2025.html,18/08/2025
100,Chủ Nhật,17/08/2025,21:00,"1,5,12,27,30",3,01 05 12 27 30 | ĐB 03,Loto_5/35,https://www.minhchinh.com/xs-lotto-535-ket-qua-lotto-535-ngay-17-08-2025.html,17/08/2025
99,Chủ Nhật,17/08/2025,13:00,"15,20,23,27,30",4,15 20 23 27 30 | ĐB 04,Loto_5/35,https://www.minhchinh.com/xs-lotto-535-ket-qua-lotto-535-ngay-17-08-2025.html,17/08/2025
98,Thứ 7,16/08/2025,21:00,"3,18,20,26,30",2,03 18 20 26 30 | ĐB 02,Loto_5/35,https://www.minhchinh.com/xs-lotto-535-ket-qua-lotto-535-ngay-16-08-2025.html,16/08/2025
97,Thứ 7,16/08/2025,13:00,"8,21,24,33,34",3,08 21 24 33 34 | ĐB 03,Loto_5/35,https://www.minhchinh.com/xs-lotto-535-ket-qua-lotto-535-ngay-16-08-2025.html,16/08/2025
96,Thứ 6,15/08/2025,21:00,"3,9,20,26,33",4,03 09 20 26 33 | ĐB 04,Loto_5/35,https://www.minhchinh.com/xs-lotto-535-ket-qua-lotto-535-ngay-15-08-2025.html,15/08/2025
95,Thứ 6,15/08/2025,13:00,"5,6,27,33,34",8,05 06 27 33 34 | ĐB 08,Loto_5/35,https://www.minhchinh.com/xs-lotto-535-ket-qua-lotto-535-ngay-15-08-2025.html,15/08/2025
94,Thứ 5,14/08/2025,21:00,"3,4,11,29,30",3,03 04 11 29 30 | ĐB 03,Loto_5/35,https://www.minhchinh.com/xs-lotto-535-ket-qua-lotto-535-ngay-14-08-2025.html,14/08/2025
93,Thứ 5,14/08/2025,13:00,"11,19,22,27,35",10,11 19 22 27 35 | ĐB 10,Loto_5/35,https://www.minhchinh.com/xs-lotto-535-ket-qua-lotto-535-ngay-14-08-2025.html,14/08/2025
92,Thứ 4,13/08/2025,21:00,"13,18,23,26,27",12,13 18 23 26 27 | ĐB 12,Loto_5/35,https://www.minhchinh.com/xs-lotto-535-ket-qua-lotto-535-ngay-13-08-2025.html,13/08/2025
91,Thứ 4,13/08/2025,13:00,"20,22,25,28,32",1,20 22 25 28 32 | ĐB 01,Loto_5/35,https://www.minhchinh.com/xs-lotto-535-ket-qua-lotto-535-ngay-13-08-2025.html,13/08/2025
90,Thứ 3,12/08/2025,21:00,"1,8,10,27,29",11,01 08 10 27 29 | ĐB 11,Loto_5/35,https://www.minhchinh.com/xs-lotto-535-ket-qua-lotto-535-ngay-12-08-2025.html,12/08/2025
89,Thứ 3,12/08/2025,13:00,"8,17,24,25,33",5,08 17 24 25 33 | ĐB 05,Loto_5/35,https://www.minhchinh.com/xs-lotto-535-ket-qua-lotto-535-ngay-12-08-2025.html,12/08/2025
88,Thứ 2,11/08/2025,21:00,"3,4,10,13,32",1,03 04 10 13 32 | ĐB 01,Loto_5/35,https://www.minhchinh.com/xs-lotto-535-ket-qua-lotto-535-ngay-11-08-2025.html,11/08/2025
87,Thứ 2,11/08/2025,13:00,"2,9,11,17,23",3,02 09 11 17 23 | ĐB 03,Loto_5/35,https://www.minhchinh.com/xs-lotto-535-ket-qua-lotto-535-ngay-11-08-2025.html,11/08/2025
86,Chủ Nhật,10/08/2025,21:00,"22,24,28,31,34",3,22 24 28 31 34 | ĐB 03,Loto_5/35,https://www.minhchinh.com/xs-lotto-535-ket-qua-lotto-535-ngay-10-08-2025.html,10/08/2025
85,Chủ Nhật,10/08/2025,13:00,"8,16,18,28,34",7,08 16 18 28 34 | ĐB 07,Loto_5/35,https://www.minhchinh.com/xs-lotto-535-ket-qua-lotto-535-ngay-10-08-2025.html,10/08/2025
84,Thứ 7,09/08/2025,21:00,"9,16,17,26,32",12,09 16 17 26 32 | ĐB 12,Loto_5/35,https://www.minhchinh.com/xs-lotto-535-ket-qua-lotto-535-ngay-09-08-2025.html,09/08/2025
83,Thứ 7,09/08/2025,13:00,"2,15,20,24,28",10,02 15 20 24 28 | ĐB 10,Loto_5/35,https://www.minhchinh.com/xs-lotto-535-ket-qua-lotto-535-ngay-09-08-2025.html,09/08/2025
82,Thứ 6,08/08/2025,21:00,"1,9,15,16,20",11,01 09 15 16 20 | ĐB 11,Loto_5/35,https://www.minhchinh.com/xs-lotto-535-ket-qua-lotto-535-ngay-08-08-2025.html,08/08/2025
81,Thứ 6,08/08/2025,13:00,"2,15,22,30,33",6,02 15 22 30 33 | ĐB 06,Loto_5/35,https://www.minhchinh.com/xs-lotto-535-ket-qua-lotto-535-ngay-08-08-2025.html,08/08/2025
80,Thứ 5,07/08/2025,21:00,"6,12,18,23,25",11,06 12 18 23 25 | ĐB 11,Loto_5/35,https://www.minhchinh.com/xs-lotto-535-ket-qua-lotto-535-ngay-07-08-2025.html,07/08/2025
79,Thứ 5,07/08/2025,13:00,"1,18,27,29,30",7,01 18 27 29 30 | ĐB 07,Loto_5/35,https://www.minhchinh.com/xs-lotto-535-ket-qua-lotto-535-ngay-07-08-2025.html,07/08/2025
78,Thứ 4,06/08/2025,21:00,"7,10,15,16,29",9,07 10 15 16 29 | ĐB 09,Loto_5/35,https://www.minhchinh.com/xs-lotto-535-ket-qua-lotto-535-ngay-06-08-2025.html,06/08/2025
77,Thứ 4,06/08/2025,13:00,"12,25,31,32,35",4,12 25 31 32 35 | ĐB 04,Loto_5/35,https://www.minhchinh.com/xs-lotto-535-ket-qua-lotto-535-ngay-06-08-2025.html,06/08/2025
76,Thứ 3,05/08/2025,21:00,"5,8,10,13,32",10,05 08 10 13 32 | ĐB 10,Loto_5/35,https://www.minhchinh.com/xs-lotto-535-ket-qua-lotto-535-ngay-05-08-2025.html,05/08/2025
75,Thứ 3,05/08/2025,13:00,"8,20,24,30,34",1,08 20 24 30 34 | ĐB 01,Loto_5/35,https://www.minhchinh.com/xs-lotto-535-ket-qua-lotto-535-ngay-05-08-2025.html,05/08/2025
74,Thứ 2,04/08/2025,21:00,"5,13,23,25,33",11,05 13 23 25 33 | ĐB 11,Loto_5/35,https://www.minhchinh.com/xs-lotto-535-ket-qua-lotto-535-ngay-04-08-2025.html,04/08/2025
73,Thứ 2,04/08/2025,13:00,"5,20,25,30,32",10,05 20 25 30 32 | ĐB 10,Loto_5/35,https://www.minhchinh.com/xs-lotto-535-ket-qua-lotto-535-ngay-04-08-2025.html,04/08/2025
72,Chủ Nhật,03/08/2025,21:00,"7,14,15,29,34",9,07 14 15 29 34 | ĐB 09,Loto_5/35,https://www.minhchinh.com/xs-lotto-535-ket-qua-lotto-535-ngay-03-08-2025.html,03/08/2025
71,Chủ Nhật,03/08/2025,13:00,"1,6,8,23,25",12,01 06 08 23 25 | ĐB 12,Loto_5/35,https://www.minhchinh.com/xs-lotto-535-ket-qua-lotto-535-ngay-03-08-2025.html,03/08/2025
70,Thứ 7,02/08/2025,21:00,"1,12,18,20,25",10,01 12 18 20 25 | ĐB 10,Loto_5/35,https://www.minhchinh.com/xs-lotto-535-ket-qua-lotto-535-ngay-02-08-2025.html,02/08/2025
69,Thứ 7,02/08/2025,13:00,"1,3,7,10,25",11,01 03 07 10 25 | ĐB 11,Loto_5/35,https://www.minhchinh.com/xs-lotto-535-ket-qua-lotto-535-ngay-02-08-2025.html,02/08/2025
68,Thứ 6,01/08/2025,21:00,"9,12,22,26,31",11,09 12 22 26 31 | ĐB 11,Loto_5/35,https://www.minhchinh.com/xs-lotto-535-ket-qua-lotto-535-ngay-01-08-2025.html,01/08/2025
67,Thứ 6,01/08/2025,13:00,"12,14,16,22,23",9,12 14 16 22 23 | ĐB 09,Loto_5/35,https://www.minhchinh.com/xs-lotto-535-ket-qua-lotto-535-ngay-01-08-2025.html,01/08/2025
66,Thứ 5,31/07/2025,21:00,"3,6,22,31,33",2,03 06 22 31 33 | ĐB 02,Loto_5/35,https://www.minhchinh.com/xs-lotto-535-ket-qua-lotto-535-ngay-31-07-2025.html,31/07/2025
65,Thứ 5,31/07/2025,13:00,"3,10,24,26,34",6,03 10 24 26 34 | ĐB 06,Loto_5/35,https://www.minhchinh.com/xs-lotto-535-ket-qua-lotto-535-ngay-31-07-2025.html,31/07/2025
64,Thứ 4,30/07/2025,21:00,"13,21,26,27,32",3,13 21 26 27 32 | ĐB 03,Loto_5/35,https://www.minhchinh.com/xs-lotto-535-ket-qua-lotto-535-ngay-30-07-2025.html,30/07/2025
63,Thứ 4,30/07/2025,13:00,"4,9,10,18,19",2,04 09 10 18 19 | ĐB 02,Loto_5/35,https://www.minhchinh.com/xs-lotto-535-ket-qua-lotto-535-ngay-30-07-2025.html,30/07/2025
62,Thứ 3,29/07/2025,21:00,"20,21,29,31,33",3,20 21 29 31 33 | ĐB 03,Loto_5/35,https://www.minhchinh.com/xs-lotto-535-ket-qua-lotto-535-ngay-29-07-2025.html,29/07/2025
61,Thứ 3,29/07/2025,13:00,"1,5,16,28,29",8,01 05 16 28 29 | ĐB 08,Loto_5/35,https://www.minhchinh.com/xs-lotto-535-ket-qua-lotto-535-ngay-29-07-2025.html,29/07/2025
60,Thứ 2,28/07/2025,21:00,"15,19,25,32,33",5,15 19 25 32 33 | ĐB 05,Loto_5/35,https://www.minhchinh.com/xs-lotto-535-ket-qua-lotto-535-ngay-28-07-2025.html,28/07/2025
59,Thứ 2,28/07/2025,13:00,"1,3,28,32,33",11,01 03 28 32 33 | ĐB 11,Loto_5/35,https://www.minhchinh.com/xs-lotto-535-ket-qua-lotto-535-ngay-28-07-2025.html,28/07/2025
58,Chủ Nhật,27/07/2025,21:00,"10,24,28,30,32",1,10 24 28 30 32 | ĐB 01,Loto_5/35,https://www.minhchinh.com/xs-lotto-535-ket-qua-lotto-535-ngay-27-07-2025.html,27/07/2025
57,Chủ Nhật,27/07/2025,13:00,"1,14,19,25,27",8,01 14 19 25 27 | ĐB 08,Loto_5/35,https://www.minhchinh.com/xs-lotto-535-ket-qua-lotto-535-ngay-27-07-2025.html,27/07/2025
56,Thứ 7,26/07/2025,21:00,"3,6,11,27,33",6,03 06 11 27 33 | ĐB 06,Loto_5/35,https://www.minhchinh.com/xs-lotto-535-ket-qua-lotto-535-ngay-26-07-2025.html,26/07/2025
55,Thứ 7,26/07/2025,13:00,"1,7,12,16,23",8,01 07 12 16 23 | ĐB 08,Loto_5/35,https://www.minhchinh.com/xs-lotto-535-ket-qua-lotto-535-ngay-26-07-2025.html,26/07/2025
54,Thứ 6,25/07/2025,21:00,"16,18,19,23,25",11,16 18 19 23 25 | ĐB 11,Loto_5/35,https://www.minhchinh.com/xs-lotto-535-ket-qua-lotto-535-ngay-25-07-2025.html,25/07/2025
53,Thứ 6,25/07/2025,13:00,"9,10,19,22,24",7,09 10 19 22 24 | ĐB 07,Loto_5/35,https://www.minhchinh.com/xs-lotto-535-ket-qua-lotto-535-ngay-25-07-2025.html,25/07/2025
52,Thứ 5,24/07/2025,21:00,"9,10,11,30,35",1,09 10 11 30 35 | ĐB 01,Loto_5/35,https://www.minhchinh.com/xs-lotto-535-ket-qua-lotto-535-ngay-24-07-2025.html,24/07/2025
51,Thứ 5,24/07/2025,13:00,"7,8,18,22,33",7,07 08 18 22 33 | ĐB 07,Loto_5/35,https://www.minhchinh.com/xs-lotto-535-ket-qua-lotto-535-ngay-24-07-2025.html,24/07/2025
50,Thứ 4,23/07/2025,21:00,"17,18,27,29,33",8,17 18 27 29 33 | ĐB 08,Loto_5/35,https://www.minhchinh.com/xs-lotto-535-ket-qua-lotto-535-ngay-23-07-2025.html,23/07/2025
49,Thứ 4,23/07/2025,13:00,"3,21,28,33,34",5,03 21 28 33 34 | ĐB 05,Loto_5/35,https://www.minhchinh.com/xs-lotto-535-ket-qua-lotto-535-ngay-23-07-2025.html,23/07/2025
48,Thứ 3,22/07/2025,21:00,"7,10,26,28,33",2,07 10 26 28 33 | ĐB 02,Loto_5/35,https://www.minhchinh.com/xs-lotto-535-ket-qua-lotto-535-ngay-22-07-2025.html,22/07/2025
47,Thứ 3,22/07/2025,13:00,"3,14,16,21,25",5,03 14 16 21 25 | ĐB 05,Loto_5/35,https://www.minhchinh.com/xs-lotto-535-ket-qua-lotto-535-ngay-22-07-2025.html,22/07/2025
46,Thứ 2,21/07/2025,21:00,"2,16,18,22,30",5,02 16 18 22 30 | ĐB 05,Loto_5/35,https://www.minhchinh.com/xs-lotto-535-ket-qua-lotto-535-ngay-21-07-2025.html,21/07/2025
45,Thứ 2,21/07/2025,13:00,"8,20,24,27,28",3,08 20 24 27 28 | ĐB 03,Loto_5/35,https://www.minhchinh.com/xs-lotto-535-ket-qua-lotto-535-ngay-21-07-2025.html,21/07/2025
44,Chủ Nhật,20/07/2025,21:00,"21,28,31,34,35",1,21 28 31 34 35 | ĐB 01,Loto_5/35,https://www.minhchinh.com/xs-lotto-535-ket-qua-lotto-535-ngay-20-07-2025.html,20/07/2025
43,Chủ Nhật,20/07/2025,13:00,"9,14,28,33,35",10,09 14 28 33 35 | ĐB 10,Loto_5/35,https://www.minhchinh.com/xs-lotto-535-ket-qua-lotto-535-ngay-20-07-2025.html,20/07/2025
42,Thứ 7,19/07/2025,21:00,"4,16,24,26,31",11,04 16 24 26 31 | ĐB 11,Loto_5/35,https://www.minhchinh.com/xs-lotto-535-ket-qua-lotto-535-ngay-19-07-2025.html,19/07/2025
41,Thứ 7,19/07/2025,13:00,"5,19,20,21,30",11,05 19 20 21 30 | ĐB 11,Loto_5/35,https://www.minhchinh.com/xs-lotto-535-ket-qua-lotto-535-ngay-19-07-2025.html,19/07/2025
40,Thứ 6,18/07/2025,21:00,"5,11,16,27,34",9,05 11 16 27 34 | ĐB 09,Loto_5/35,https://www.minhchinh.com/xs-lotto-535-ket-qua-lotto-535-ngay-18-07-2025.html,18/07/2025
39,Thứ 6,18/07/2025,13:00,"2,10,12,16,34",2,02 10 12 16 34 | ĐB 02,Loto_5/35,https://www.minhchinh.com/xs-lotto-535-ket-qua-lotto-535-ngay-18-07-2025.html,18/07/2025
38,Thứ 5,17/07/2025,21:00,"7,11,17,18,25",1,07 11 17 18 25 | ĐB 01,Loto_5/35,https://www.minhchinh.com/xs-lotto-535-ket-qua-lotto-535-ngay-17-07-2025.html,17/07/2025
37,Thứ 5,17/07/2025,13:00,"1,4,8,18,29",7,01 04 08 18 29 | ĐB 07,Loto_5/35,https://www.minhchinh.com/xs-lotto-535-ket-qua-lotto-535-ngay-17-07-2025.html,17/07/2025
36,Thứ 4,16/07/2025,21:00,"2,10,20,34,35",2,02 10 20 34 35 | ĐB 02,Loto_5/35,https://www.minhchinh.com/xs-lotto-535-ket-qua-lotto-535-ngay-16-07-2025.html,16/07/2025
35,Thứ 4,16/07/2025,13:00,"7,11,13,17,25",9,07 11 13 17 25 | ĐB 09,Loto_5/35,https://www.minhchinh.com/xs-lotto-535-ket-qua-lotto-535-ngay-16-07-2025.html,16/07/2025
34,Thứ 3,15/07/2025,21:00,"9,12,22,31,35",2,09 12 22 31 35 | ĐB 02,Loto_5/35,https://www.minhchinh.com/xs-lotto-535-ket-qua-lotto-535-ngay-15-07-2025.html,15/07/2025
33,Thứ 3,15/07/2025,13:00,"3,7,12,19,26",6,03 07 12 19 26 | ĐB 06,Loto_5/35,https://www.minhchinh.com/xs-lotto-535-ket-qua-lotto-535-ngay-15-07-2025.html,15/07/2025
32,Thứ 2,14/07/2025,21:00,"7,8,22,23,28",5,07 08 22 23 28 | ĐB 05,Loto_5/35,https://www.minhchinh.com/xs-lotto-535-ket-qua-lotto-535-ngay-14-07-2025.html,14/07/2025
31,Thứ 2,14/07/2025,13:00,"2,3,12,14,22",3,02 03 12 14 22 | ĐB 03,Loto_5/35,https://www.minhchinh.com/xs-lotto-535-ket-qua-lotto-535-ngay-14-07-2025.html,14/07/2025
30,Chủ Nhật,13/07/2025,21:00,"12,14,19,27,34",8,12 14 19 27 34 | ĐB 08,Loto_5/35,https://www.minhchinh.com/xs-lotto-535-ket-qua-lotto-535-ngay-13-07-2025.html,13/07/2025
29,Chủ Nhật,13/07/2025,13:00,"13,15,19,22,27",10,13 15 19 22 27 | ĐB 10,Loto_5/35,https://www.minhchinh.com/xs-lotto-535-ket-qua-lotto-535-ngay-13-07-2025.html,13/07/2025
28,Thứ 7,12/07/2025,21:00,"5,11,16,20,34",6,05 11 16 20 34 | ĐB 06,Loto_5/35,https://www.minhchinh.com/xs-lotto-535-ket-qua-lotto-535-ngay-12-07-2025.html,12/07/2025
27,Thứ 7,12/07/2025,13:00,"5,14,26,31,35",7,05 14 26 31 35 | ĐB 07,Loto_5/35,https://www.minhchinh.com/xs-lotto-535-ket-qua-lotto-535-ngay-12-07-2025.html,12/07/2025
26,Thứ 6,11/07/2025,21:00,"1,5,8,20,24",8,01 05 08 20 24 | ĐB 08,Loto_5/35,https://www.minhchinh.com/xs-lotto-535-ket-qua-lotto-535-ngay-11-07-2025.html,11/07/2025
25,Thứ 6,11/07/2025,13:00,"8,11,17,18,20",1,08 11 17 18 20 | ĐB 01,Loto_5/35,https://www.minhchinh.com/xs-lotto-535-ket-qua-lotto-535-ngay-11-07-2025.html,11/07/2025
24,Thứ 5,10/07/2025,21:00,"9,24,29,32,35",8,09 24 29 32 35 | ĐB 08,Loto_5/35,https://www.minhchinh.com/xs-lotto-535-ket-qua-lotto-535-ngay-10-07-2025.html,10/07/2025
23,Thứ 5,10/07/2025,13:00,"11,17,24,28,30",5,11 17 24 28 30 | ĐB 05,Loto_5/35,https://www.minhchinh.com/xs-lotto-535-ket-qua-lotto-535-ngay-10-07-2025.html,10/07/2025
22,Thứ 4,09/07/2025,21:00,"2,7,9,28,31",12,02 07 09 28 31 | ĐB 12,Loto_5/35,https://www.minhchinh.com/xs-lotto-535-ket-qua-lotto-535-ngay-09-07-2025.html,09/07/2025
21,Thứ 4,09/07/2025,13:00,"1,2,12,25,31",12,01 02 12 25 31 | ĐB 12,Loto_5/35,https://www.minhchinh.com/xs-lotto-535-ket-qua-lotto-535-ngay-09-07-2025.html,09/07/2025
20,Thứ 3,08/07/2025,21:00,"2,6,20,26,32",12,02 06 20 26 32 | ĐB 12,Loto_5/35,https://www.minhchinh.com/xs-lotto-535-ket-qua-lotto-535-ngay-08-07-2025.html,08/07/2025
19,Thứ 3,08/07/2025,13:00,"14,15,17,28,31",8,14 15 17 28 31 | ĐB 08,Loto_5/35,https://www.minhchinh.com/xs-lotto-535-ket-qua-lotto-535-ngay-08-07-2025.html,08/07/2025
18,Thứ 2,07/07/2025,21:00,"6,7,10,22,34",8,06 07 10 22 34 | ĐB 08,Loto_5/35,https://www.minhchinh.com/xs-lotto-535-ket-qua-lotto-535-ngay-07-07-2025.html,07/07/2025
17,Thứ 2,07/07/2025,13:00,"1,8,14,19,23",6,01 08 14 19 23 | ĐB 06,Loto_5/35,https://www.minhchinh.com/xs-lotto-535-ket-qua-lotto-535-ngay-07-07-2025.html,07/07/2025
16,Chủ Nhật,06/07/2025,21:00,"6,7,13,28,29",7,06 07 13 28 29 | ĐB 07,Loto_5/35,https://www.minhchinh.com/xs-lotto-535-ket-qua-lotto-535-ngay-06-07-2025.html,06/07/2025
15,Chủ Nhật,06/07/2025,13:00,"3,11,12,27,32",10,03 11 12 27 32 | ĐB 10,Loto_5/35,https://www.minhchinh.com/xs-lotto-535-ket-qua-lotto-535-ngay-06-07-2025.html,06/07/2025
14,Thứ 7,05/07/2025,21:00,"3,13,19,25,29",7,03 13 19 25 29 | ĐB 07,Loto_5/35,https://www.minhchinh.com/xs-lotto-535-ket-qua-lotto-535-ngay-05-07-2025.html,05/07/2025
13,Thứ 7,05/07/2025,13:00,"5,14,15,23,34",5,05 14 15 23 34 | ĐB 05,Loto_5/35,https://www.minhchinh.com/xs-lotto-535-ket-qua-lotto-535-ngay-05-07-2025.html,05/07/2025
12,Thứ 6,04/07/2025,21:00,"3,18,20,29,34",3,03 18 20 29 34 | ĐB 03,Loto_5/35,https://www.minhchinh.com/xs-lotto-535-ket-qua-lotto-535-ngay-04-07-2025.html,04/07/2025
11,Thứ 6,04/07/2025,13:00,"1,3,7,10,24",8,01 03 07 10 24 | ĐB 08,Loto_5/35,https://www.minhchinh.com/xs-lotto-535-ket-qua-lotto-535-ngay-04-07-2025.html,04/07/2025
10,Thứ 5,03/07/2025,21:00,"10,23,24,30,33",6,10 23 24 30 33 | ĐB 06,Loto_5/35,https://www.minhchinh.com/xs-lotto-535-ket-qua-lotto-535-ngay-03-07-2025.html,03/07/2025
9,Thứ 5,03/07/2025,13:00,"28,32,33,34,35",8,28 32 33 34 35 | ĐB 08,Loto_5/35,https://www.minhchinh.com/xs-lotto-535-ket-qua-lotto-535-ngay-03-07-2025.html,03/07/2025
8,Thứ 4,02/07/2025,21:00,"9,11,27,29,35",9,09 11 27 29 35 | ĐB 09,Loto_5/35,https://www.minhchinh.com/xs-lotto-535-ket-qua-lotto-535-ngay-02-07-2025.html,02/07/2025
7,Thứ 4,02/07/2025,13:00,"13,20,23,27,35",1,13 20 23 27 35 | ĐB 01,Loto_5/35,https://www.minhchinh.com/xs-lotto-535-ket-qua-lotto-535-ngay-02-07-2025.html,02/07/2025
6,Thứ 3,01/07/2025,21:00,"5,18,20,30,34",7,05 18 20 30 34 | ĐB 07,Loto_5/35,https://www.minhchinh.com/xs-lotto-535-ket-qua-lotto-535-ngay-01-07-2025.html,01/07/2025
5,Thứ 3,01/07/2025,13:00,"1,18,25,27,33",5,01 18 25 27 33 | ĐB 05,Loto_5/35,https://www.minhchinh.com/xs-lotto-535-ket-qua-lotto-535-ngay-01-07-2025.html,01/07/2025
4,Thứ 2,30/06/2025,21:00,"1,12,13,27,28",7,01 12 13 27 28 | ĐB 07,Loto_5/35,https://www.minhchinh.com/xs-lotto-535-ket-qua-lotto-535-ngay-30-06-2025.html,30/06/2025
3,Thứ 2,30/06/2025,13:00,"2,8,16,23,24",9,02 08 16 23 24 | ĐB 09,Loto_5/35,https://www.minhchinh.com/xs-lotto-535-ket-qua-lotto-535-ngay-30-06-2025.html,30/06/2025
2,Chủ Nhật,29/06/2025,21:00,"6,12,14,18,25",8,06 12 14 18 25 | ĐB 08,Loto_5/35,https://www.minhchinh.com/xs-lotto-535-ket-qua-lotto-535-ngay-29-06-2025.html,29/06/2025
1,Chủ Nhật,29/06/2025,13:00,"7,9,10,16,19",9,07 09 10 16 19 | ĐB 09,Loto_5/35,https://www.minhchinh.com/xs-lotto-535-ket-qua-lotto-535-ngay-29-06-2025.html,29/06/2025
